gene,taxa_count,codon_length,max_lrt,psi_score,z_score,p_value,fdr_q,rank_track_b,is_golden_hypercube,num_pos_clades,delta_harm,rank_harmonic,composite_rank,delta_clade_1,delta_clade_2,tier,composite_score
BAP1,712,761,41.665283203125,0.11599502,3.994398354770724,3.242936913848771e-05,0.0406339995305251,1,1,2,0.072408535,2,1,0.05233847,0.111703254,Tier 0: Core Bottleneck Transducer,1.001197126895451
PSD3,656,1235,41.49908828735352,0.1026894,3.415629565039686,0.0003181737423262437,0.10159009753492898,3,1,2,0.07355855,1,2,0.070621714,0.07460303,Tier 0: Core Bottleneck Transducer,1.0015961691939346
R3HCC1,703,514,40.737937927246094,0.106580675,3.584892517255415,0.00016860852622968726,0.10159009753492898,2,1,2,0.067555696,5,3,0.0494288,0.10129904,Tier 0: Core Bottleneck Transducer,2.0027932960893855
CLSTN1,648,969,42.09391021728515,0.09844284,3.2309124010352845,0.0006169787560428255,0.11294933174959763,6,1,2,0.07056531,3,4,0.06784139,0.07137779,Tier 0: Core Bottleneck Transducer,3.003591380686353
SLC18A1,686,531,41.5898323059082,0.10199829,3.385567613903924,0.000355156041323792,0.10159009753492898,4,1,2,0.061092127,7,5,0.042462405,0.10178496,Tier 0: Core Bottleneck Transducer,4.00438946528332
LAT2,629,286,38.651153564453125,0.09598174,3.1238593010364077,0.0008924789368755735,0.1397845134881367,8,1,2,0.068723276,4,6,0.06469764,0.07104104,Tier 0: Core Bottleneck Transducer,4.004788507581804
SSH1,650,1107,41.5562858581543,0.101159684,3.3490898714401234,0.00040538746023515153,0.10159009753492898,5,1,2,0.053665545,16,7,0.034540124,0.10852127,Tier 0: Core Bottleneck Transducer,5.0083798882681565
TMEM174,720,311,40.4792366027832,0.0853224,2.6601985839009687,0.003904729583097146,0.2878015392718073,17,1,2,0.061292227,6,8,0.05876916,0.061894946,Tier 0: Core Bottleneck Transducer,6.009177972865124
RAVER2,640,738,41.66719436645508,0.09829503,3.2244829513132767,0.0006310018533497075,0.11294933174959763,7,1,2,0.052998126,20,9,0.034372065,0.1046381,Tier 0: Core Bottleneck Transducer,7.010774142059058
OR5D18,250,316,41.47355270385742,0.08825906,2.7879376260539495,0.0026522377865845887,0.22155026310603265,15,1,2,0.060892165,8,10,0.049776796,0.07504036,Tier 0: Core Bottleneck Transducer,8.009177972865123
LYPD1,719,93,41.5078125,0.08456357,2.6271909434669563,0.004304650435453917,0.2897709633398349,18,1,2,0.060738944,9,11,0.057941645,0.061649293,Tier 0: Core Bottleneck Transducer,9.010774142059057
FZD8,537,850,41.20448684692383,0.09467709,3.0671095440523217,0.0010806981604622422,0.15045719945102104,9,1,2,0.043546744,68,12,0.026229411,0.107664205,Tier 0: Core Bottleneck Transducer,9.03072625698324
OR5V1,198,331,41.95832824707031,0.08072309,2.460137475715265,0.006944190220558592,0.34804281385439656,25,1,2,0.058063105,10,13,0.05806575,0.05609394,Tier 0: Core Bottleneck Transducer,10.013966480446927
EPB41L4B,622,919,41.78847122192383,0.092675984,2.980065295250423,0.0014409347358469158,0.17195550929722148,10,1,2,0.003506637,307,14,0.00077705085,0.13028657,Tier 0: Core Bottleneck Transducer,10.126496408619314
ABCB10,623,769,40.87493133544922,0.092347555,2.9657792676288177,0.0015095854766715374,0.17195550929722148,11,1,2,0.04985787,24,15,0.032283243,0.098315924,Tier 0: Core Bottleneck Transducer,11.013966480446927
CLP1,713,431,41.889198303222656,0.07913339,2.390988593886727,0.008401537442760202,0.4036206810344374,26,1,2,0.056922175,11,16,0.054572716,0.057338804,Tier 0: Core Bottleneck Transducer,11.014764565043894
UPRT,684,335,41.446998596191406,0.08988726,2.858761183576265,0.002126494169817607,0.21388636504742037,12,1,2,0.056396462,14,17,0.04060275,0.086517036,Tier 0: Core Bottleneck Transducer,12.010375099760575
OR2AJ1,206,347,41.40704345703125,0.07857198,2.3665683424258477,0.008976929565452948,0.4036206810344374,27,1,2,0.056529813,12,18,0.056838706,0.05427885,Tier 0: Core Bottleneck Transducer,12.015562649640861
SH3GLB2,683,412,41.506839752197266,0.089575775,2.8452121872522027,0.0022190923747936672,0.21388636504742037,13,1,2,0.056214076,15,19,0.040474914,0.086204365,Tier 0: Core Bottleneck Transducer,13.011173184357542
ARHGDIB,712,201,36.58612823486328,0.07853175,2.3648184150710247,0.009019456559428768,0.4036206810344374,28,1,2,0.05649984,13,20,0.054217394,0.056843273,Tier 0: Core Bottleneck Transducer,13.016360734237828
STARD7,679,398,41.6544189453125,0.088895574,2.8156247565617245,0.0024341245632515107,0.2178541484110102,14,1,2,0.0024570394,441,21,0.00024056993,0.12547675,Tier 0: Core Bottleneck Transducer,14.181564245810057
CYP2W1,606,549,40.71588134765625,0.085891016,2.6849322824540387,0.0036272251411584994,0.28405706886697496,16,1,2,0.046455506,42,22,0.030022362,0.09144588,Tier 0: Core Bottleneck Transducer,16.02314445331205
PMFBP1,707,1043,42.79519271850586,0.0737715,2.1577567275046303,0.015473375442880135,0.487498764790375,37,1,2,0.05316352,17,23,0.051957697,0.05237096,Tier 0: Core Bottleneck Transducer,17.021548284118115
SMIM13,672,97,41.37432861328125,0.08440274,2.6201951488739614,0.0043939731073079505,0.2897709633398349,19,1,2,0.05309422,18,24,0.038224243,0.08113925,Tier 0: Core Bottleneck Transducer,18.014764565043894
ING2,707,297,41.497344970703125,0.073568285,2.1489172672160306,0.015820479390332723,0.487498764790375,39,1,2,0.053005606,19,25,0.05112814,0.05291312,Tier 0: Core Bottleneck Transducer,19.02314445331205
NTM,670,348,41.848777770996094,0.08339333,2.5762877620673033,0.004993374720569798,0.3128349262436979,20,1,2,0.05250203,21,26,0.037808627,0.08012734,Tier 0: Core Bottleneck Transducer,20.01636073423783
GNG14,191,107,31.974529266357425,0.08277334,2.5493193936676835,0.005396670006592129,0.313759695272978,21,1,2,0.044290032,59,27,0.028409755,0.08864941,Tier 0: Core Bottleneck Transducer,21.03192338387869
OR52E4,295,350,44.701019287109375,0.070745245,2.0261204757728426,0.021376220154263773,0.5671259292445388,46,1,2,0.051021054,22,28,0.04960904,0.050439835,Tier 0: Core Bottleneck Transducer,22.027134876296888
NKX1-1,585,497,32.060096740722656,0.082608074,2.5421306416363096,0.005508949158823237,0.313759695272978,22,1,2,0.044966407,55,29,0.029116053,0.087709405,Tier 0: Core Bottleneck Transducer,22.03072625698324
UNC119,705,263,31.979717254638672,0.0706712,2.0228996611820436,0.021541746750213153,0.5671259292445388,47,1,2,0.05094389,23,30,0.04877316,0.051171016,Tier 0: Core Bottleneck Transducer,23.027932960893853
INAVA,581,725,45.381080627441406,0.081769034,2.5056340210101435,0.006111603259006795,0.3329495166754572,23,1,2,0.043564085,67,31,0.027864283,0.08777459,Tier 0: Core Bottleneck Transducer,23.035913806863526
TMEM121B,576,621,41.276363372802734,0.08136381,2.488007559105326,0.006423050129462283,0.3353367421756767,24,1,2,0.04429833,58,32,0.028667856,0.086397946,Tier 0: Core Bottleneck Transducer,24.032721468475657
PIK3AP1,701,821,44.48257827758789,0.0690018,1.9502839831770353,0.02557114031298587,0.5946555303368278,53,1,2,0.049767446,25,33,0.04769405,0.049889233,Tier 0: Core Bottleneck Transducer,25.031125299281722
OR1N1,257,313,41.62371063232422,0.0689195,1.9467040920186476,0.02578511037949654,0.5946555303368278,54,1,2,0.049607445,26,34,0.04623018,0.05123671,Tier 0: Core Bottleneck Transducer,26.03192338387869
HOXC11,700,313,41.4874382019043,0.06861988,1.9336712002947585,0.026576783478740904,0.5946555303368278,56,1,2,0.049517088,27,35,0.048050016,0.048993137,Tier 0: Core Bottleneck Transducer,27.033120510774143
GSTK1,655,238,42.047096252441406,0.076252505,2.2656756565862253,0.011735624536817053,0.4595230482697427,32,1,2,0.049393017,28,36,0.0713388,0.036498524,Tier 0: Core Bottleneck Transducer,28.02394253790902
OR1J1,384,371,41.33218765258789,0.06779405,1.8977491891728728,0.028864564726424742,0.6119595691288878,59,1,2,0.048928626,29,37,0.04727383,0.048601434,Tier 0: Core Bottleneck Transducer,29.03511572226656
IL15RA,658,330,39.46514129638672,0.07723394,2.3083661848855215,0.01048938905711859,0.44139937634431947,29,1,2,0.0021804513,583,38,0.00010112673,0.10912416,Tier 0: Core Bottleneck Transducer,29.244213886671986
RNASE4,650,150,33.73023986816406,0.077067256,2.3011157525909325,0.010692544581903038,0.44139937634431947,30,1,2,0.048693214,31,39,0.035066675,0.07392288,Tier 0: Core Bottleneck Transducer,30.0243415802075
KCNT1,448,1252,36.880821228027344,0.06763154,1.8906803178223317,0.029333515684470707,0.6119595691288878,60,1,2,0.048738968,30,40,0.045800537,0.049844913,Tier 0: Core Bottleneck Transducer,30.035913806863526
MSI2,654,331,34.91184997558594,0.07688348,2.2931218512844462,0.010920495344512293,0.44139937634431947,31,1,2,0.04855334,33,41,0.03494533,0.07378434,Tier 0: Core Bottleneck Transducer,31.025538707102953
TMEM184C,650,445,41.74317932128906,0.07372029,2.1555291913415555,0.015560223418932782,0.487498764790375,38,1,2,0.04862461,32,42,0.06759624,0.036659993,Tier 0: Core Bottleneck Transducer,32.02793296089386
CERS1,648,405,39.30900573730469,0.07498125,2.2103785176487287,0.01353945172121735,0.487498764790375,33,1,2,0.04758158,39,43,0.03437066,0.07166885,Tier 0: Core Bottleneck Transducer,33.02873104549082
TLX2,698,293,35.612396240234375,0.06708798,1.8670365069103863,0.03094824496827694,0.6155262054801747,63,1,2,0.048397828,34,44,0.04603717,0.04883955,Tier 0: Core Bottleneck Transducer,34.03870710295291
COA4,710,93,36.88908767700195,0.07449778,2.189348505761176,0.014285759669014348,0.487498764790375,34,1,2,0.002269556,524,45,0.10520874,0.00014703335,Tier 0: Core Bottleneck Transducer,34.22266560255387
SAMD3,646,566,41.00281524658203,0.07393714,2.1649617478141723,0.01519530739554094,0.487498764790375,35,1,2,0.048280176,35,46,0.06860553,0.03595738,Tier 0: Core Bottleneck Transducer,35.02793296089386
LPIN2,696,921,41.677268981933594,0.066589475,1.8453525015408598,0.03249313891553984,0.616877319108658,66,1,2,0.04806624,36,47,0.04611418,0.048057575,Tier 0: Core Bottleneck Transducer,36.04070231444533
KIF3B,709,754,41.842247009277344,0.07379964,2.158980763193537,0.015425829688620291,0.487498764790375,36,1,2,0.0019984054,744,48,0.1043597,8.769566e-06,Tier 0: Core Bottleneck Transducer,36.31125299281724
PIGS,696,569,41.57074737548828,0.06620538,1.828645110356402,0.0337263951111355,0.6285302957541473,67,1,2,0.047771104,37,49,0.045377523,0.048251033,Tier 0: Core Bottleneck Transducer,37.0415003990423
EFNA3,695,246,26.052051544189453,0.06608821,1.8235484414982215,0.034110183648269767,0.6285302957541473,68,1,2,0.047722433,38,50,0.046076253,0.047386598,Tier 0: Core Bottleneck Transducer,38.042298483639264
ANKS6,642,931,41.73775863647461,0.07336833,2.1402196106355276,0.016168511528539396,0.487498764790375,40,1,2,0.046240553,43,51,0.033142943,0.070615545,Tier 1: Primary Regulatory Effector,40.03312051077414
NKX2-1,700,379,33.25178909301758,0.06489524,1.7716565489681906,0.038225793270752796,0.6842416995464751,70,1,2,0.04673934,40,52,0.043248937,0.048526794,Tier 1: Primary Regulatory Effector,40.0438946528332
SSX5,114,224,42.19975280761719,0.072766796,2.1140540426152423,0.01725532589530823,0.5028121708563073,43,1,2,0.046605512,41,53,0.033939034,0.06896874,Tier 1: Primary Regulatory Effector,41.03351955307262
TMLHE,499,421,41.640174865722656,0.0732783,2.136303479396286,0.016327342735780213,0.487498764790375,41,1,2,0.039940946,97,54,0.025739128,0.07789205,Tier 1: Primary Regulatory Effector,41.05506783719074
GABRB3,639,519,39.949180603027344,0.07327074,2.135974633987326,0.01634074071923045,0.487498764790375,42,1,2,0.002568023,415,55,0.00030001253,0.10332045,Tier 1: Primary Regulatory Effector,42.182362330407024
ARHGEF28,640,1761,43.73821258544922,0.07232027,2.094631023424597,0.018101902593083176,0.515492817025755,44,1,2,0.046038277,46,56,0.03330458,0.06897174,Tier 1: Primary Regulatory Effector,44.035913806863526
SLC22A15,692,567,41.365386962890625,0.063764654,1.722478240035059,0.042491460640153134,0.6958780565327127,75,1,2,0.04606684,44,57,0.044091333,0.04608549,Tier 1: Primary Regulatory Effector,44.047486033519554
EOMES,692,713,44.358680725097656,0.06375525,1.722069184185077,0.04252849328474903,0.6958780565327127,76,1,2,0.046040885,45,58,0.043709233,0.046454303,Tier 1: Primary Regulatory Effector,45.04828411811652
EIF3F,685,383,34.095497131347656,0.07111256,2.0420979693432333,0.0205709071442268,0.5671259292445388,45,1,2,0.0019968415,748,59,8.333474e-06,0.10056001,Tier 1: Primary Regulatory Effector,45.31644054269753
TUG1,691,168,28.787582397460938,0.063420735,1.707518427309646,0.043862867859244696,0.6958780565327127,78,1,2,0.045822896,47,60,0.043833323,0.045857146,Tier 1: Primary Regulatory Effector,47.04988028731046
OR12D2,123,308,41.67377853393555,0.069140255,1.9563065084544902,0.025214528976794187,0.5946555303368278,52,1,2,0.045820277,48,61,0.03464126,0.063137814,Tier 1: Primary Regulatory Effector,48.03990422984836
DNAJC5G,469,219,38.824947357177734,0.07058276,2.0190526918740503,0.02174087158533294,0.5671259292445388,48,1,2,0.039856363,99,62,0.026187986,0.07363111,Tier 1: Primary Regulatory Effector,48.05865921787709
HDC,689,707,41.694488525390625,0.06318417,1.697228306387605,0.04482675275141176,0.6958780565327127,80,1,2,0.045669805,49,63,0.04406768,0.04528824,Tier 1: Primary Regulatory Effector,49.05147645650439
SLC25A43,628,354,42.23040771484375,0.070358634,2.0093036434443454,0.02225247087912758,0.5671259292445388,49,1,2,0.0022459202,542,64,0.00013566669,0.09936647,Tier 1: Primary Regulatory Effector,49.235833998403834
CCR1,624,360,41.951210021972656,0.070195705,2.002216546402487,0.022630723433541052,0.5671259292445388,50,1,2,0.04384072,64,65,0.031086534,0.06818517,Tier 1: Primary Regulatory Effector,50.04549082202713
ANKRD13A,689,591,37.926490783691406,0.06314574,1.6955566755587252,0.04498493422118893,0.6958780565327127,81,1,2,0.045644026,50,66,0.04409573,0.045205828,Tier 1: Primary Regulatory Effector,50.052274541101355
KANSL3,691,883,42.23260116577149,0.06292569,1.6859849252622103,0.04589935146859139,0.7013644803676221,82,1,2,0.045454245,51,67,0.04313053,0.045859836,Tier 1: Primary Regulatory Effector,51.05307262569833
OR2W1,277,329,42.17913818359375,0.06920036,1.9589209599499324,0.025061021986005,0.5946555303368278,51,1,2,0.038507424,109,68,0.025047854,0.07281624,Tier 1: Primary Regulatory Effector,51.06384676775738
RAC3,689,205,41.81703567504883,0.06250856,1.6678405753363512,0.04767368938748374,0.7111325333632991,84,1,2,0.045184027,52,69,0.04334466,0.04505579,Tier 1: Primary Regulatory Effector,52.054269752593775
LOXL3,696,759,41.61189270019531,0.06270613,1.6764344890199794,0.04682655906115622,0.7069117892003464,83,1,2,0.04514799,53,70,0.041389927,0.04728993,Tier 1: Primary Regulatory Effector,53.054269752593775
UBALD2,691,165,31.25385475158691,0.062347572,1.6608379080483011,0.048373002736911495,0.7130749697570601,85,1,2,0.045076996,54,71,0.04343581,0.04473696,Tier 1: Primary Regulatory Effector,54.055466879489224
QSOX2,621,769,41.384857177734375,0.06876989,1.9401963457706968,0.026177916228631207,0.5946555303368278,55,1,2,0.0025846001,412,72,0.0003095786,0.09694573,Tier 1: Primary Regulatory Effector,55.18635275339186
LNX1,687,736,41.57501983642578,0.061895873,1.6411898733417094,0.050379003583010076,0.7255734653966853,87,1,2,0.0447416,56,73,0.04270084,0.04483315,Tier 1: Primary Regulatory Effector,56.05706304868316
CLEC7A,687,283,41.297847747802734,0.06132787,1.6164828391055297,0.05299498037947181,0.7476863054279823,88,1,2,0.044348,57,74,0.042487934,0.044242773,Tier 1: Primary Regulatory Effector,57.05786113328013
OR2A25,395,320,41.31559753417969,0.06843443,1.9256044832191457,0.027076889252416067,0.5952165304083742,57,1,2,0.036816947,123,75,0.02347036,0.07331054,Tier 1: Primary Regulatory Effector,57.07182761372705
RADIL,620,937,45.224849700927734,0.068145245,1.9130254938553748,0.027872394415579416,0.6021398310813967,58,1,2,0.042287912,76,76,0.029766211,0.06660572,Tier 1: Primary Regulatory Effector,58.05347166799681
ARL8A,685,194,40.80278778076172,0.06083221,1.5949225857450635,0.05536477414284468,0.7476863054279823,89,1,2,0.04399583,60,77,0.042099617,0.043930113,Tier 1: Primary Regulatory Effector,60.059457302474065
KAT2B,615,944,42.05333709716797,0.06738289,1.8798645227247246,0.030063272041604753,0.6119595691288878,61,1,2,0.043007493,71,78,0.031083697,0.064210095,Tier 1: Primary Regulatory Effector,61.05267358339984
FBLN7,683,467,41.58448791503906,0.060766153,1.5920492337371706,0.055686821271865194,0.7476863054279823,90,1,2,0.043966137,61,79,0.042670846,0.043265454,Tier 1: Primary Regulatory Effector,61.06025538707103
TFCP2L1,684,494,39.97791290283203,0.060751073,1.5913932828420492,0.05576054753911201,0.7476863054279823,91,1,2,0.043914046,62,80,0.04157547,0.04433953,Tier 1: Primary Regulatory Effector,62.061053471668
BRF1,613,721,40.74089431762695,0.067309834,1.8766867277251236,0.030280521377486866,0.6119595691288878,62,1,2,0.0029909776,346,81,0.0005192368,0.09467125,Tier 1: Primary Regulatory Effector,62.162809257781326
TAF5L,685,613,41.843780517578125,0.06064465,1.5867640877418174,0.056283042626731325,0.7476863054279823,93,1,2,0.0438446,63,82,0.04159693,0.044167556,Tier 1: Primary Regulatory Effector,63.062250598563445
KMT2B,614,2764,41.75843048095703,0.06687491,1.8577683731422492,0.03160095710255172,0.616877319108658,64,1,2,0.042788688,73,83,0.030992465,0.063582934,Tier 1: Primary Regulatory Effector,64.05466879489227
SAPCD2,614,434,40.98223114013672,0.06658962,1.8453588087610056,0.03249268046930078,0.616877319108658,65,1,2,0.042294096,75,84,0.030397419,0.063774526,Tier 1: Primary Regulatory Effector,65.05586592178771
CADM4,689,399,41.51566696166992,0.060459644,1.5787166838092699,0.05720052813881423,0.7476863054279823,95,1,2,0.043734897,65,85,0.041901056,0.043601796,Tier 1: Primary Regulatory Effector,65.06384676775738
MCCC2,685,530,41.43172836303711,0.060434252,1.5776121808166361,0.057327366152202415,0.7476863054279823,96,1,2,0.04371027,66,86,0.041726302,0.04374063,Tier 1: Primary Regulatory Effector,66.06464485235435
TCF7L1,607,671,41.748104095458984,0.06490516,1.7720880498222755,0.03818997116254262,0.6842416995464751,69,1,2,0.041128542,84,87,0.029450685,0.06233908,Tier 1: Primary Regulatory Effector,69.061053471668
SLC43A1,683,611,41.02084732055664,0.060050208,1.5609070080337468,0.059272846776747774,0.7476863054279823,99,1,2,0.043444153,69,88,0.041583538,0.043340277,Tier 1: Primary Regulatory Effector,69.06703910614524
CSGALNACT1,685,562,38.28226089477539,0.0599727,1.557535559626647,0.05967169237254448,0.7476863054279823,100,1,2,0.043387502,70,89,0.041484788,0.043329418,Tier 1: Primary Regulatory Effector,70.06783719074222
ASAP1,602,1152,41.74106216430664,0.06454218,1.7562991203851976,0.03951867370073181,0.6958780565327127,71,1,2,0.04106453,85,90,0.029515358,0.061761066,Tier 1: Primary Regulatory Effector,71.06225059856345
CABLES1,593,629,42.08952331542969,0.06432339,1.7467821776568424,0.04033756461591566,0.6958780565327127,72,1,2,0.040201567,93,91,0.028395308,0.0625717,Tier 1: Primary Regulatory Effector,72.0658419792498
NFATC4,681,908,40.93756484985352,0.059180137,1.5230605987983956,0.06387177261706649,0.7770032144581,103,1,2,0.042843256,72,92,0.04146409,0.042229258,Tier 1: Primary Regulatory Effector,72.06983240223464
CCL4,183,93,40.24913787841797,0.06398844,1.7322124991209746,0.04161786720302627,0.6958780565327127,73,1,2,0.041312534,83,93,0.03014081,0.060352497,Tier 1: Primary Regulatory Effector,73.06225059856345
ISY1,679,291,41.64513397216797,0.05844945,1.4912771245474998,0.06794437610325486,0.794943410145598,107,1,2,0.042310804,74,94,0.040428694,0.042231306,Tier 1: Primary Regulatory Effector,74.07222665602553
FHIP2A,691,800,41.67417526245117,0.06384119,1.7258074083181494,0.04219103330077985,0.6958780565327127,74,1,2,0.0020940097,646,95,0.09022591,5.916087e-05,Tier 1: Primary Regulatory Effector,74.28731045490822
SP3,600,801,41.463722229003906,0.06360241,1.7154209391711288,0.04313403954678621,0.6958780565327127,77,1,2,0.04054969,88,96,0.029182509,0.060764886,Tier 1: Primary Regulatory Effector,77.0658419792498
DEPTOR,678,421,41.900917053222656,0.058088485,1.4755758437214082,0.07002889695628993,0.794943410145598,109,1,2,0.042014867,77,97,0.039487302,0.04266222,Tier 1: Primary Regulatory Effector,77.07422186751796
MCEMP1,686,200,36.84968566894531,0.05802135,1.472655600794089,0.07042196211186064,0.794943410145598,111,1,2,0.04189333,78,98,0.038654543,0.043400038,Tier 1: Primary Regulatory Effector,78.07541899441341
ARHGAP33,678,1130,41.54722595214844,0.0577177,1.4594474118482277,0.07222100235300118,0.8072415238325166,112,1,2,0.041797828,79,99,0.04002738,0.04159777,Tier 1: Primary Regulatory Effector,79.07621707901038
PLXND1,588,1991,40.605438232421875,0.06329816,1.7021866513832868,0.04436019214049786,0.6958780565327127,79,1,2,0.0024475134,444,100,0.00024057343,0.089276545,Tier 1: Primary Regulatory Effector,79.20869912210695
TTLL3,678,745,39.7803840637207,0.0575141,1.4505912048026908,0.07344686291612851,0.8072415238325166,113,1,2,0.04164694,80,101,0.039718375,0.041618846,Tier 1: Primary Regulatory Effector,80.07701516360734
PPM1D,676,670,41.63750076293945,0.057408582,1.4460013754557801,0.07408840801335946,0.8072415238325166,115,1,2,0.04159158,81,102,0.040277444,0.040910542,Tier 1: Primary Regulatory Effector,81.07821229050279
ARMC5,675,990,45.21990203857422,0.057069674,1.4312595315589782,0.0761779237523139,0.8158199868517035,117,1,2,0.04135434,82,103,0.040329833,0.04037888,Tier 1: Primary Regulatory Effector,82.07940941739824
TMEM191B,176,341,41.60144805908203,0.06066595,1.5876905966321413,0.05617816021393203,0.7476863054279823,92,1,2,0.040920492,86,104,0.031466033,0.054328583,Tier 1: Primary Regulatory Effector,86.07102952913009
SCGB1D2,241,102,34.642127990722656,0.062122524,1.651048754398085,0.04936431000615713,0.719226516717615,86,1,2,0.039221667,106,105,0.059937783,0.027916739,Tier 1: Primary Regulatory Effector,86.07661612130886
EFR3B,675,822,41.75355529785156,0.056133363,1.3905318101689297,0.08218372335455792,0.8451940473262346,120,1,2,0.040665027,87,106,0.03863924,0.040745318,Tier 1: Primary Regulatory Effector,87.08260175578611
TRAF5,670,562,41.50399398803711,0.05587647,1.379357460480574,0.08389228413481814,0.8451940473262346,122,1,2,0.040498797,89,107,0.038818225,0.040203042,Tier 1: Primary Regulatory Effector,89.08419792498005
DTNBP1,672,348,40.74617767333984,0.055821393,1.3769617172809325,0.08426204205819288,0.8451940473262346,123,1,2,0.040465437,90,108,0.03896892,0.03997445,Tier 1: Primary Regulatory Effector,90.08499600957701
IL12RB2,674,969,41.34478759765625,0.055683523,1.370964638374409,0.08519298982461371,0.8451940473262346,125,1,2,0.04034279,91,109,0.03824821,0.040500175,Tier 1: Primary Regulatory Effector,91.08619313647246
SOX2,677,324,30.96451187133789,0.055613887,1.3679356067740995,0.08566611652867662,0.8451940473262346,127,1,2,0.040299725,92,110,0.03831625,0.040333666,Tier 1: Primary Regulatory Effector,92.08739026336792
DUSP21,553,192,36.64300537109375,0.058888823,1.5103890020436628,0.06547209663497278,0.783274508353178,104,1,2,0.039981935,94,111,0.052288257,0.030993115,Tier 1: Primary Regulatory Effector,94.07901037509976
TMEM225,585,249,45.19970703125,0.060478922,1.579555239602118,0.05710437833460679,0.7476863054279823,94,1,2,0.0032912975,320,112,0.0006778096,0.08485231,Tier 1: Primary Regulatory Effector,94.16520351157223
TRIM47,673,665,34.41435241699219,0.055124413,1.3466444324744569,0.08904738832706072,0.8478504258486196,130,1,2,0.039975118,95,113,0.03859294,0.039364755,Tier 1: Primary Regulatory Effector,95.08978451715882
CDK18,672,491,41.43626403808594,0.055166416,1.3484714819073338,0.08875339326568582,0.8478504258486196,129,1,2,0.039967865,96,114,0.037732817,0.04028428,Tier 1: Primary Regulatory Effector,96.08978451715882
OR51E2,564,328,33.13356018066406,0.060289778,1.5713278406560423,0.05805325879012833,0.7476863054279823,97,1,2,0.038333934,111,115,0.0274283,0.057834323,Tier 1: Primary Regulatory Effector,97.0830007980846
HLA-DQB1,210,280,41.5787239074707,0.06020006,1.56742528081463,0.05850765929880502,0.7476863054279823,98,1,2,0.03862709,107,116,0.027896153,0.057239592,Tier 1: Primary Regulatory Effector,98.08180367118915
LRRC25,669,378,42.11269760131836,0.05516797,1.3485390779080642,0.08874253010792094,0.8478504258486196,128,1,2,0.039931014,98,117,0.037235953,0.04078334,Tier 1: Primary Regulatory Effector,98.0901835594573
LEPR,669,1193,41.77347946166992,0.05478192,1.3317466479968185,0.0914717274625218,0.8478504258486196,133,1,2,0.039731015,100,118,0.03826247,0.03921088,Tier 1: Primary Regulatory Effector,100.0929768555467
HIVEP1,670,2939,43.693382263183594,0.05469114,1.3277978932051002,0.09212244156933891,0.8478504258486196,134,1,2,0.039654024,101,119,0.037816964,0.039527986,Tier 1: Primary Regulatory Effector,101.09377494014366
CHEK2,685,542,41.85494613647461,0.05935731,1.5307672823488816,0.06291345918698953,0.774234795919783,101,1,2,0.0020687522,668,120,0.08389677,4.7134236e-05,Tier 1: Primary Regulatory Effector,101.30686352753392
SSBP2,668,370,37.83634567260742,0.05443518,1.3166641272160253,0.09397561656396586,0.8478504258486196,138,1,2,0.039464016,102,121,0.037449986,0.03953298,Tier 1: Primary Regulatory Effector,102.09577015163607
NHERF2,675,340,41.53288269042969,0.05933634,1.5298551278216472,0.06302629623608767,0.774234795919783,102,1,2,0.005793236,272,122,0.0020014765,0.08191278,Tier 1: Primary Regulatory Effector,102.14924181963288
SYNE4,688,416,41.45479202270508,0.056037933,1.386380789351859,0.08281532964871252,0.8451940473262346,121,1,2,0.03945422,103,123,0.04652077,0.032728832,Tier 1: Primary Regulatory Effector,103.08938547486034
CRLF1,668,437,31.885089874267575,0.054182317,1.3056650747496419,0.09583323994039367,0.8508322876481583,140,1,2,0.03930037,104,124,0.03761688,0.039008494,Tier 1: Primary Regulatory Effector,104.09736632083
OR4K13,213,316,42.90502166748047,0.05881258,1.5070725786950732,0.06589602730566119,0.783274508353178,105,1,2,0.038397294,110,125,0.028229514,0.054944023,Tier 1: Primary Regulatory Effector,105.08579409417398
KDM5B,667,1602,44.060340881347656,0.054168977,1.3050848104962653,0.09593198518189672,0.8508322876481583,141,1,2,0.039268363,105,126,0.03713236,0.039474137,Tier 1: Primary Regulatory Effector,105.09816440542697
OR13C9,267,323,41.23528671264648,0.05874695,1.5042178003630562,0.06626264795326167,0.783274508353178,106,1,2,0.037871316,115,127,0.027446996,0.05563373,Tier 1: Primary Regulatory Effector,106.08818834796489
OR51D1,544,326,41.93000793457031,0.058166668,1.478976653325736,0.06957327734276991,0.794943410145598,108,1,2,0.036745045,126,128,0.026067836,0.056192245,Tier 1: Primary Regulatory Effector,108.09337589784518
SERF1A,653,112,41.41593170166016,0.053589497,1.27987854891106,0.10029392647641366,0.8533452135093078,144,1,2,0.038598746,108,129,0.034507677,0.041279316,Tier 1: Primary Regulatory Effector,108.10055865921788
SCGB1D1,267,101,33.53976821899414,0.0580873,1.4755242985084958,0.07003582028584782,0.794943410145598,110,1,2,0.036234133,133,130,0.056748845,0.02539901,Tier 1: Primary Regulatory Effector,110.09696727853152
IQCH,658,1065,41.93522644042969,0.05244841,1.2302434667451916,0.10930297365323921,0.8533452135093078,149,1,2,0.038066443,112,131,0.03620994,0.037963312,Tier 1: Primary Regulatory Effector,112.10415003990423
FAM171A2,660,888,40.980472564697266,0.05238616,1.2275357118896677,0.10981065395142958,0.8533452135093078,151,1,2,0.03803305,113,132,0.036439557,0.03764566,Tier 1: Primary Regulatory Effector,113.10534716679967
SPATA18,661,650,41.7064094543457,0.052242797,1.2212996980848083,0.11098628384365122,0.8533452135093078,156,1,2,0.03792655,114,133,0.036194973,0.037687488,Tier 1: Primary Regulatory Effector,114.10774142059059
SOX3,543,429,38.97090530395508,0.05742899,1.4468890840676925,0.07396399545200678,0.8072415238325166,114,1,2,0.0024467306,446,134,0.00024189893,0.08097495,Tier 1: Primary Regulatory Effector,114.22346368715084
MRGPRX1,160,341,37.406227111816406,0.057101198,1.4326307647166574,0.07598169249960286,0.8158199868517035,116,1,2,0.037723187,116,135,0.05267169,0.028081607,Tier 1: Primary Regulatory Effector,116.0925778132482
MIDN,659,513,40.931156158447266,0.051665924,1.1962068359680103,0.11580792693528386,0.8533452135093078,161,1,2,0.037520275,117,136,0.03583347,0.037233178,Tier 1: Primary Regulatory Effector,117.11093375897845
ADCY1,540,1159,41.85873794555664,0.056851037,1.4217492440353285,0.07754952944586986,0.8234708508108045,118,1,2,0.036463056,130,137,0.026230114,0.054169394,Tier 1: Primary Regulatory Effector,118.09896249002394
CHERP,658,961,40.585418701171875,0.051684614,1.1970198148957167,0.11564941578440036,0.8533452135093078,160,1,2,0.037509162,118,138,0.035361964,0.037731115,Tier 1: Primary Regulatory Effector,118.11093375897845
SRRM3,557,624,41.610816955566406,0.05663705,1.412441222537031,0.07891004295834808,0.8308763346790768,119,1,2,0.036925215,122,139,0.027038757,0.053058125,Tier 1: Primary Regulatory Effector,119.09616919393456
GDF1,653,415,29.63936233520508,0.051294744,1.1800612223571927,0.11898793302604094,0.8533452135093078,167,1,2,0.037263554,119,140,0.035748795,0.036792938,Tier 1: Primary Regulatory Effector,119.11412609736632
MAP4K1,657,883,41.84891891479492,0.0513156,1.1809684181044506,0.1188076348335596,0.8533452135093078,165,1,2,0.0372295,120,141,0.03483928,0.037731927,Tier 1: Primary Regulatory Effector,120.11372705506784
SPAST,655,640,41.437225341796875,0.0509434,1.1647784364622653,0.12205434479713678,0.8533452135093078,172,1,2,0.036987778,121,142,0.0348899,0.037154946,Tier 1: Primary Regulatory Effector,121.1169193934557
OR51I1,532,339,42.162322998046875,0.05576104,1.3743364782641383,0.08466862328454755,0.8451940473262346,124,1,2,0.03636786,131,143,0.052242607,0.026615413,Tier 1: Primary Regulatory Effector,124.10175578611333
AP1B1,650,954,41.8969612121582,0.050641228,1.1516345376638173,0.12473564136766746,0.8533452135093078,175,1,2,0.036770724,124,144,0.034625646,0.03699186,Tier 1: Primary Regulatory Effector,124.11931364724661
UAP1L1,653,557,38.79254531860352,0.050559178,1.1480655210229218,0.1254707582270172,0.8533452135093078,178,1,2,0.03674688,125,145,0.035374273,0.0361272,Tier 1: Primary Regulatory Effector,125.12090981644054
PIGN,667,958,43.784420013427734,0.055626076,1.3684658047489426,0.08558315928276172,0.8451940473262346,126,1,2,0.002040813,691,146,3.365148e-05,0.078633495,Tier 1: Primary Regulatory Effector,126.32601755786114
DENND6B,653,625,42.02934265136719,0.050402835,1.1412649022698744,0.1268798515193043,0.8533452135093078,181,1,2,0.036636446,127,147,0.035270326,0.036010034,Tier 1: Primary Regulatory Effector,127.12290502793296
FOXD3,650,548,31.7919979095459,0.05028897,1.136311994532939,0.12791300631632402,0.8533452135093078,182,1,2,0.03654101,128,148,0.034733746,0.036385596,Tier 1: Primary Regulatory Effector,128.12370311252994
SVOP,654,550,28.18575096130371,0.05026356,1.1352067085750455,0.12814435966624466,0.8533452135093078,183,1,2,0.03652369,129,149,0.034730256,0.03635316,Tier 1: Primary Regulatory Effector,129.1245011971269
OR6C76,263,323,42.207313537597656,0.05494951,1.3390364895427989,0.09027939708791582,0.8478504258486196,131,1,2,0.035779223,139,150,0.026109675,0.05160067,Tier 1: Primary Regulatory Effector,131.10774142059057
OR2A2,226,367,41.06168365478515,0.054926414,1.338031858118812,0.09044302591998077,0.8478504258486196,132,1,2,0.034901716,148,151,0.024814244,0.052863427,Tier 1: Primary Regulatory Effector,132.11173184357543
CAMSAP3,650,1325,41.51969146728515,0.04999892,1.1236953793386462,0.130571138656908,0.8533452135093078,184,1,2,0.036352847,132,152,0.035104055,0.035605095,Tier 1: Primary Regulatory Effector,132.12609736632083
PCNX1,646,2384,41.96305084228515,0.049796283,1.1148810609344881,0.1324506967942376,0.8533452135093078,185,1,2,0.036209423,134,153,0.034951586,0.03547099,Tier 1: Primary Regulatory Effector,134.12729449321628
LOC124903067,504,304,40.171627044677734,0.054444738,1.3170798817687819,0.09390592490760685,0.8478504258486196,137,1,2,0.0361754,135,154,0.04995453,0.027041962,Tier 1: Primary Regulatory Effector,135.10853950518754
GIMAP1,312,329,33.40769577026367,0.054576047,1.3227915698382438,0.09295235073826463,0.8478504258486196,135,1,2,0.03528773,145,155,0.025538322,0.051643867,Tier 1: Primary Regulatory Effector,135.11173184357543
SOX13,360,673,41.686241149902344,0.05445766,1.3176419638289116,0.09381176547569448,0.8478504258486196,136,1,2,0.034401447,153,156,0.052710265,0.024304494,Tier 1: Primary Regulatory Effector,136.11532322426177
DIP2A,646,1583,42.08335876464844,0.04956624,1.1048746344247806,0.13460695747060358,0.8533452135093078,187,1,2,0.03603481,136,157,0.034342956,0.035754293,Tier 1: Primary Regulatory Effector,136.1288906624102
MEGF9,650,689,41.492088317871094,0.04948175,1.1011994824931626,0.13540492345087862,0.8533452135093078,188,1,2,0.03592818,137,158,0.033510894,0.036466863,Tier 1: Primary Regulatory Effector,137.12968874700718
PURB,649,390,30.79546356201172,0.04929223,1.0929557282727786,0.1372066191140653,0.8533452135093078,189,1,2,0.03582923,138,159,0.033896115,0.035813626,Tier 1: Primary Regulatory Effector,138.13048683160414
OR1N2,284,319,41.95158004760742,0.054424267,1.3161894327784616,0.09405523479086841,0.8478504258486196,139,1,2,0.034935307,147,160,0.025082633,0.05188492,Tier 1: Primary Regulatory Effector,139.11412609736632
STOX1,648,1080,42.461082458496094,0.048795704,1.07135780558372,0.14200428869226883,0.8533452135093078,192,1,2,0.035457842,140,161,0.03322684,0.0357807,Tier 1: Primary Regulatory Effector,140.13248204309656
NWD1,284,1593,41.99913024902344,0.054102775,1.302205151268227,0.09642313235916877,0.8508322876481583,142,1,2,0.03535995,141,162,0.025888648,0.05062423,Tier 1: Primary Regulatory Effector,141.11292897047088
BBC3,645,210,31.80847549438477,0.048629615,1.064133254640762,0.14363416901704135,0.8533452135093078,193,1,2,0.03534822,142,163,0.033225127,0.035547532,Tier 1: Primary Regulatory Effector,142.133679169992
EFCC1,489,697,35.861976623535156,0.053917278,1.2941363897833251,0.09780915695972114,0.8533452135093078,143,1,2,0.03476492,149,164,0.025063876,0.05118667,Tier 1: Primary Regulatory Effector,143.11652035115722
GRK3,644,691,41.67388916015625,0.048589468,1.0623869376257462,0.14403003065603903,0.8533452135093078,194,1,2,0.03534356,143,165,0.03364493,0.035070956,Tier 1: Primary Regulatory Effector,143.13447725458897
CARD16,398,102,35.40439987182617,0.051059168,1.1698141210263506,0.12103788985490027,0.8533452135093078,170,1,2,0.03529935,144,166,0.04428785,0.027920717,Tier 1: Primary Regulatory Effector,144.12529928172387
OR4B1,330,325,41.47431182861328,0.053365067,1.270116277068084,0.10202160721166603,0.8533452135093078,145,1,2,0.0021299757,613,167,8.004531e-05,0.07538955,Tier 1: Primary Regulatory Effector,145.3024740622506
OR4C12,264,355,42.154335021972656,0.05314685,1.260624258733821,0.10372212712601442,0.8533452135093078,146,1,2,0.03396553,162,168,0.02423705,0.050923947,Tier 1: Primary Regulatory Effector,146.12290502793297
NANOS1,644,345,35.33611297607422,0.048421882,1.0550972700720462,0.14569042022552464,0.8533452135093078,197,1,2,0.0352188,146,169,0.033386678,0.035092205,Tier 1: Primary Regulatory Effector,146.1368715083799
PCDHGA9,426,1013,41.41715240478515,0.052805066,1.24575731438779,0.10642675246251643,0.8533452135093078,147,1,2,0.034286413,154,170,0.024874292,0.049803346,Tier 1: Primary Regulatory Effector,147.12011173184356
GPR150,653,474,34.310020446777344,0.0524888,1.2320003537912096,0.10897447598086413,0.8533452135093078,148,1,2,0.0020633324,674,171,4.6019442e-05,0.07418436,Tier 1: Primary Regulatory Effector,148.32801276935356
HSPA1B,435,659,40.14665222167969,0.05240534,1.2283700048716588,0.10965405125400507,0.8533452135093078,150,1,2,0.033729494,168,172,0.024224306,0.04988803,Tier 1: Primary Regulatory Effector,150.1268954509178
FER1L5,635,2141,44.19450759887695,0.04774971,1.025859085385343,0.15247900531595837,0.8533452135093078,199,1,2,0.034731966,150,173,0.03270661,0.034821663,Tier 1: Primary Regulatory Effector,150.1392657621708
SYT7,639,706,38.844181060791016,0.04738921,1.0101780311617865,0.15620500129527465,0.8533452135093078,201,1,2,0.03450149,151,174,0.032992374,0.03402609,Tier 1: Primary Regulatory Effector,151.14046288906624
OR52E2,306,346,40.50823211669922,0.052064136,1.2135282894062096,0.11246395264088666,0.8533452135093078,157,1,2,0.034425646,152,175,0.048135884,0.025493925,Tier 1: Primary Regulatory Effector,152.12330407023146
OR8J2,247,331,42.141117095947266,0.052358046,1.22631280715058,0.11004049182674969,0.8533452135093078,152,1,2,0.03390285,163,176,0.024506776,0.049538683,Tier 1: Primary Regulatory Effector,152.12569832402235
PLXNB3,333,1978,41.65673065185547,0.05234886,1.2259132338798515,0.1101156640698473,0.8533452135093078,153,1,2,0.03334905,176,177,0.023695994,0.050336473,Tier 1: Primary Regulatory Effector,153.1312849162011
NEK10,656,1168,41.993534088134766,0.052296985,1.2236567715002482,0.11054086675802632,0.8533452135093078,154,1,2,0.0034867472,309,178,0.0007853359,0.07317377,Tier 1: Primary Regulatory Effector,154.1847565841979
OR10G2,419,311,41.175174713134766,0.05224776,1.2215155790060608,0.1109454353427426,0.8533452135093078,155,1,2,0.034106784,158,179,0.024877006,0.049012482,Tier 1: Primary Regulatory Effector,155.1249002394254
TIAM1,631,1696,42.31440734863281,0.046896815,0.9887597989997666,0.1613903387356152,0.8533452135093078,202,1,2,0.03414637,155,180,0.032452736,0.03386938,Tier 1: Primary Regulatory Effector,155.14245810055866
KDM2B,275,1377,41.31725311279297,0.051590998,1.1929476995775685,0.1164449282756802,0.8533452135093078,162,1,2,0.034130316,156,181,0.047685716,0.025274977,Tier 1: Primary Regulatory Effector,156.1268954509178
GSR,640,456,42.41435241699219,0.0468762,0.987863086287371,0.1616098530067388,0.8533452135093078,203,1,2,0.03412716,157,182,0.032334406,0.033958543,Tier 1: Primary Regulatory Effector,157.1436552274541
OR1B1,313,325,41.78389358520508,0.05205384,1.2130804332778162,0.11254953505102333,0.8533452135093078,158,1,2,0.033010002,179,183,0.023339637,0.05027561,Tier 1: Primary Regulatory Effector,158.13447725458897
OR1Q1,394,322,41.79425811767578,0.05142555,1.1857510308974604,0.11786031760936722,0.8533452135093078,163,1,2,0.034068353,159,184,0.025267752,0.04745897,Tier 1: Primary Regulatory Effector,159.12849162011173
OR1F1,316,321,41.377811431884766,0.052029543,1.2120235606717975,0.11275168096246191,0.8533452135093078,159,1,2,0.033251505,177,185,0.023693558,0.049887322,Tier 1: Primary Regulatory Effector,159.1340782122905
OR6Y1,424,326,41.76567840576172,0.051324785,1.1813679478771089,0.1187282925958772,0.8533452135093078,164,1,2,0.03402197,160,186,0.025249003,0.047335207,Tier 1: Primary Regulatory Effector,160.1292897047087
BMP6,628,581,41.383541107177734,0.046715543,0.9808748168604806,0.16332723877846372,0.8533452135093078,205,1,2,0.03401579,161,187,0.032270268,0.033795487,Tier 1: Primary Regulatory Effector,161.146049481245
TTC7B,630,847,41.890037536621094,0.04650164,0.9715704492000605,0.16563214482175626,0.8533452135093078,207,1,2,0.0338663,164,188,0.03216113,0.03360212,Tier 1: Primary Regulatory Effector,164.14804469273744
MYOM1,641,1446,41.92996597290039,0.046478312,0.9705557262238411,0.16588478105190885,0.8533452135093078,208,1,2,0.033833332,165,189,0.031827457,0.0339028,Tier 1: Primary Regulatory Effector,165.1488427773344
STAG2,628,1294,41.564979553222656,0.046437234,0.9687689125056851,0.1663302503010341,0.8533452135093078,209,1,2,0.033829853,166,190,0.03237699,0.033295173,Tier 1: Primary Regulatory Effector,166.14964086193137
MAPK8IP2,646,925,41.98955535888672,0.051295698,1.1801027195159424,0.11897968156980021,0.8533452135093078,166,1,2,0.0043218555,288,191,0.0012274892,0.07131558,Tier 1: Primary Regulatory Effector,166.18116520351157
OR51A4,118,326,41.40946960449219,0.046425413,0.9682547218205902,0.16645858581988138,0.8533452135093078,210,1,2,0.033735756,167,192,0.031063946,0.034591496,Tier 1: Primary Regulatory Effector,167.15043894652834
OR10G3,463,321,36.55856704711914,0.05123481,1.177454209031715,0.11950713201925423,0.8533452135093078,168,1,2,0.033653256,169,193,0.04776538,0.024691578,Tier 1: Primary Regulatory Effector,168.13447725458897
OR11H7,302,325,41.82014083862305,0.051108263,1.171949658771442,0.12060863401592398,0.8533452135093078,169,1,2,0.033598363,171,194,0.024671847,0.047606148,Tier 1: Primary Regulatory Effector,169.13567438148445
TNS1,630,1936,41.645938873291016,0.04615662,0.9565627450996127,0.16939400016669476,0.8533452135093078,211,1,2,0.033615023,170,195,0.031765163,0.03351015,Tier 1: Primary Regulatory Effector,170.15203511572227
OR2T27,290,320,41.80997467041016,0.05104135,1.169039072415656,0.12119394476674217,0.8533452135093078,171,1,2,0.03120314,190,196,0.021312783,0.050870582,Tier 1: Primary Regulatory Effector,171.1440542697526
NIBAN3,634,623,42.82357406616211,0.046072222,0.9528915949904319,0.17032249953986373,0.8533452135093078,212,1,2,0.03352509,172,197,0.031245383,0.033910573,Tier 1: Primary Regulatory Effector,172.15323224261772
OR10S1,353,325,43.07444381713867,0.05074414,1.1561110110403905,0.12381787635854713,0.8533452135093078,173,1,2,0.0328588,184,198,0.023701038,0.048062015,Tier 1: Primary Regulatory Effector,173.14245810055866
SON,628,2752,45.50959777832031,0.046016365,0.9504619232962146,0.17093879626154418,0.8533452135093078,213,1,2,0.033521842,173,199,0.03179145,0.033285517,Tier 1: Primary Regulatory Effector,173.15403032721468
CACNA1E,627,2507,41.42882537841797,0.045941938,0.9472244924426874,0.17176219868659015,0.8533452135093078,214,1,2,0.033471417,174,200,0.03179056,0.033181153,Tier 1: Primary Regulatory Effector,174.15482841181165
BRD4,644,1512,39.807334899902344,0.050733972,1.1556687226649534,0.12390834315377663,0.8533452135093078,174,1,2,0.002064587,672,201,4.7162175e-05,0.07170151,Tier 1: Primary Regulatory Effector,174.33758978451715
IQGAP2,624,1585,41.33639907836914,0.045769647,0.9397301664697862,0.1736779936699434,0.8533452135093078,215,1,2,0.033349324,175,202,0.03166362,0.033064436,Tier 1: Primary Regulatory Effector,175.15562649640862
OR4D11,406,321,42.19200897216797,0.05061298,1.150405804183354,0.12498838533701939,0.8533452135093078,176,1,2,0.032903027,183,203,0.023832522,0.047745034,Tier 1: Primary Regulatory Effector,176.14325618515562
PCDHGB1,376,937,42.151817321777344,0.050590403,1.1494237482576806,0.12519064609398056,0.8533452135093078,177,1,2,0.03285116,185,204,0.023764048,0.047781594,Tier 1: Primary Regulatory Effector,177.14445331205107
RUNX2,627,650,41.680320739746094,0.045493875,0.9277346167185003,0.17677262362210916,0.8533452135093078,216,1,2,0.03315396,178,205,0.031462077,0.032875977,Tier 1: Primary Regulatory Effector,178.15722266560255
HRK,660,91,28.805519104003903,0.050501384,1.1455515935671765,0.12599036802888297,0.8533452135093078,179,1,2,0.002341477,490,206,0.07122972,0.00019002706,Tier 1: Primary Regulatory Effector,179.26695929768556
OR5M9,346,312,41.73761749267578,0.050436433,1.142726350424668,0.1265761128781686,0.8533452135093078,180,1,2,0.03293435,181,207,0.02397028,0.04735761,Tier 1: Primary Regulatory Effector,180.1440542697526
DOCK5,624,1886,41.91850280761719,0.04525542,0.9173622844442194,0.17947641467084363,0.8533452135093078,219,1,2,0.032991096,180,208,0.031445976,0.03255485,Tier 1: Primary Regulatory Effector,180.15921787709496
OR6C65,150,323,42.078514099121094,0.045270927,0.9180368090152174,0.1792997977075908,0.8533452135093078,218,1,2,0.032934047,182,209,0.033609085,0.030413669,Tier 1: Primary Regulatory Effector,182.15961691939344
FRMPD4,616,1869,42.3531608581543,0.044159245,0.8696807875967656,0.19223743722634523,0.8533452135093078,224,1,2,0.03221128,186,210,0.03055326,0.031897336,Tier 1: Primary Regulatory Effector,186.1636073423783
NHSL3,638,1309,41.8114013671875,0.049649328,1.1084888020623032,0.13382538628664453,0.8533452135093078,186,1,2,0.0049759266,278,211,0.0015801489,0.0686346,Tier 1: Primary Regulatory Effector,186.1851556264964
UNC13A,618,1751,41.46849060058594,0.044056747,0.8652223224211592,0.1934583878284734,0.8533452135093078,225,1,2,0.032140087,187,212,0.030512944,0.031792708,Tier 1: Primary Regulatory Effector,187.16440542697526
CDV3,617,309,41.249549865722656,0.043649964,0.8475280470252617,0.1983504304162672,0.8533452135093078,228,1,2,0.031852014,188,213,0.030217344,0.031513028,Tier 1: Primary Regulatory Effector,188.1660015961692
GSE1,600,2196,42.70381164550781,0.04335986,0.8349090829351905,0.20188445015401674,0.8533452135093078,229,1,2,0.031634003,189,214,0.029751966,0.031568132,Tier 1: Primary Regulatory Effector,189.16679968076616
NPDC1,641,374,40.67591857910156,0.04902812,1.0814674530134623,0.13974461543317945,0.8533452135093078,190,1,2,0.0021818173,582,215,0.000108121894,0.06922812,Tier 1: Primary Regulatory Effector,190.30806065442937
HAP1,166,711,41.67791748046875,0.04267066,0.8049302131130679,0.21042997617392556,0.8533452135093078,233,1,2,0.031171871,191,216,0.03033471,0.03001072,Tier 1: Primary Regulatory Effector,191.16919393455706
C5orf24,727,190,37.61685943603515,0.04896553,1.078744908814149,0.14035072994204,0.8533452135093078,191,1,2,0.0046430184,283,217,0.06784518,0.0014025238,Tier 1: Primary Regulatory Effector,191.18914604948125
IFNL3,135,231,41.08868789672851,0.042771406,0.8093124696700899,0.2091677177134691,0.8533452135093078,231,1,2,0.03110749,192,218,0.028179107,0.032308795,Tier 1: Primary Regulatory Effector,192.16879489225857
JUND,601,380,34.86920928955078,0.042571366,0.8006111157536397,0.21167840679134003,0.8533452135093078,234,1,2,0.031083647,193,219,0.029336698,0.03086831,Tier 1: Primary Regulatory Effector,193.1703910614525
ANKRD31,605,2116,43.55096054077149,0.042518277,0.798301846717095,0.2123476733157013,0.8533452135093078,236,1,2,0.03104847,194,220,0.029349206,0.030780716,Tier 1: Primary Regulatory Effector,194.17158818834795
ATRNL1,599,1389,41.56340789794922,0.042478494,0.7965713629995478,0.2128500072498013,0.8533452135093078,238,1,2,0.031019412,195,221,0.029301526,0.030772138,Tier 1: Primary Regulatory Effector,195.1727853152434
KCTD2,643,279,40.814571380615234,0.04858476,1.0621821487123357,0.14407650112336962,0.8533452135093078,195,1,2,0.0019881784,757,222,8.4722415e-06,0.06870076,Tier 1: Primary Regulatory Effector,195.37988826815644
BRWD3,590,1816,44.00609588623047,0.042056028,0.7781949073723383,0.21822705930317643,0.8533452135093078,239,1,2,0.030692963,196,223,0.028560191,0.030916017,Tier 1: Primary Regulatory Effector,196.1735833998404
CYYR1,723,156,41.39566802978515,0.048524804,1.059574178429319,0.14466918300067022,0.8533452135093078,196,1,2,0.0074135074,265,224,0.0029248744,0.06569956,Tier 1: Primary Regulatory Effector,196.18395849960095
KNL1,597,1827,43.57038116455078,0.041860007,0.7696683721990905,0.22074831796643668,0.8533452135093078,241,1,2,0.030570857,197,225,0.02866342,0.030535571,Tier 1: Primary Regulatory Effector,197.17478052673584
KCNC3,610,796,37.197017669677734,0.04168374,0.7620010978999957,0.2230296744472235,0.8533452135093078,242,1,2,0.030474773,198,226,0.02942533,0.029524382,Tier 1: Primary Regulatory Effector,198.1755786113328
SLFN14,643,982,41.712345123291016,0.047874596,1.0312913853513987,0.1512020984513588,0.8533452135093078,198,1,2,0.002219231,556,227,0.06757704,0.000127865,Tier 1: Primary Regulatory Effector,198.30087789305665
IFNL2,139,226,40.98105239868164,0.04167673,0.7616961764295185,0.2231206789568665,0.8533452135093078,243,1,2,0.03036849,199,228,0.027712103,0.031227693,Tier 1: Primary Regulatory Effector,199.17637669592978
KLF2,589,390,27.430721282958984,0.04155111,0.756231948880106,0.22475507032272535,0.8533452135093078,244,1,2,0.030352876,200,229,0.028455505,0.03030664,Tier 1: Primary Regulatory Effector,200.17717478052674
SHLD3,724,256,42.80535507202149,0.047469564,1.0136732750760156,0.15536934018785353,0.8533452135093078,200,1,2,0.0041128392,292,230,0.0011215247,0.06601057,Tier 1: Primary Regulatory Effector,200.19632881085394
CD55,557,478,40.76374053955078,0.040966325,0.7307949300337188,0.23245221039798986,0.8533452135093078,250,1,2,0.029856404,201,231,0.027142381,0.030792752,Tier 1: Primary Regulatory Effector,201.17996807661612
A2M,584,1525,41.56678771972656,0.04081043,0.7240137984160174,0.2345286319477317,0.8533452135093078,251,1,2,0.029810768,202,232,0.027678248,0.030036412,Tier 1: Primary Regulatory Effector,202.18076616121309
SOHLH1,559,451,38.683570861816406,0.040604994,0.7150777289140186,0.23728050736377687,0.8533452135093078,256,1,2,0.029707951,203,233,0.028362332,0.029061802,Tier 1: Primary Regulatory Effector,203.18316041500398
KDM5C,585,1585,41.27009201049805,0.040627144,0.7160412111638154,0.23698295124688806,0.8533452135093078,254,1,2,0.029679542,204,234,0.02753085,0.02992461,Tier 1: Primary Regulatory Effector,204.1827613727055
SLC6A3,620,640,40.2965202331543,0.046764378,0.9829990451073806,0.1628039543119043,0.8533452135093078,204,1,2,0.0030038178,345,235,0.000536561,0.06559826,Tier 1: Primary Regulatory Effector,204.21907422186752
TUBA4A,571,453,40.94105529785156,0.040406235,0.7064320960251977,0.23995973344722515,0.8533452135093078,259,1,2,0.029563881,205,236,0.028096102,0.029046949,Tier 1: Primary Regulatory Effector,205.1851556264964
TREM1,584,278,37.20529556274414,0.040188618,0.6969661765329158,0.24291198069483017,0.8533452135093078,263,1,2,0.029376406,206,237,0.027316198,0.029519094,Tier 1: Primary Regulatory Effector,206.18715083798884
RHBDD1,725,349,41.39421463012695,0.046704486,0.9803938587008418,0.16344587002273991,0.8533452135093078,206,1,2,0.0075571886,264,238,0.06303458,0.0030155461,Tier 1: Primary Regulatory Effector,206.18754988028732
CNTNAP5,584,1385,41.23066711425781,0.040095627,0.6929212475084976,0.24417948738755652,0.8533452135093078,267,1,2,0.029298605,207,239,0.027101256,0.02960253,Tier 1: Primary Regulatory Effector,207.18914604948125
SCAF1,573,1417,42.150665283203125,0.039958492,0.6869561396834005,0.24605518400767895,0.8533452135093078,268,1,2,0.029253215,208,240,0.028031703,0.028478134,Tier 1: Primary Regulatory Effector,208.18994413407822
H2BC17,195,126,31.78298568725586,0.039957035,0.6868927629954569,0.24607515388414758,0.8533452135093078,269,1,2,0.0292376,209,241,0.027563572,0.02894421,Tier 1: Primary Regulatory Effector,209.19074221867518
PCDHGA5,566,979,41.79013442993164,0.039729647,0.6770018238615149,0.249202398585454,0.8533452135093078,271,1,2,0.029085215,210,242,0.02761418,0.02857202,Tier 1: Primary Regulatory Effector,210.19193934557063
NOBOX,196,638,44.35808944702149,0.039677814,0.6747471884008501,0.24991819927263575,0.8533452135093078,272,1,2,0.0290562,211,243,0.028142339,0.027970565,Tier 1: Primary Regulatory Effector,211.1927374301676
B4GALNT4,566,1118,41.870338439941406,0.03959856,0.6712997923635858,0.25101478345634387,0.8533452135093078,275,1,2,0.028998747,212,244,0.027780432,0.028220398,Tier 1: Primary Regulatory Effector,212.19433359936153
CFAP92,563,1079,45.26566696166992,0.039630342,0.672682248023317,0.25057473180129186,0.8533452135093078,273,1,2,0.02898945,213,245,0.027037807,0.029007966,Tier 1: Primary Regulatory Effector,213.19393455706305
SPTBN4,573,2673,41.107879638671875,0.03961221,0.6718935410186527,0.2508257362963763,0.8533452135093078,274,1,2,0.028973218,214,246,0.026976213,0.029043913,Tier 1: Primary Regulatory Effector,214.19473264166
H2AC14,184,129,39.69641876220703,0.03939131,0.6622848173626646,0.25389435260214327,0.8533452135093078,282,1,2,0.028853478,215,247,0.027748294,0.027959432,Tier 1: Primary Regulatory Effector,215.19832402234636
OR4P4,243,359,41.90896987915039,0.039445885,0.6646587245311824,0.25313439973767055,0.8533452135093078,279,1,2,0.028824879,216,248,0.026495203,0.029289698,Tier 1: Primary Regulatory Effector,216.1975259377494
CMTM6,719,196,35.271888732910156,0.045353778,0.9216406676101573,0.1783580192031553,0.8533452135093078,217,1,2,0.004851585,280,249,0.0015219562,0.06261797,Tier 1: Primary Regulatory Effector,217.19832402234636
OR6C1,193,315,41.10933303833008,0.039389566,0.6622089567286401,0.2539186574028556,0.8533452135093078,283,1,2,0.028758409,217,250,0.026203856,0.0295014,Tier 1: Primary Regulatory Effector,217.19952114924183
KLRK1,553,236,42.04487991333008,0.03869043,0.6317978900833128,0.26375947626089924,0.8533452135093078,292,1,2,0.028346296,218,251,0.027940826,0.026775701,Tier 2: Physiological Homeostasis Modifier,218.20351157222666
SIGLECL1,526,200,43.30437088012695,0.03915157,0.6518565900684746,0.2572468455393463,0.8533452135093078,286,1,2,0.028338935,219,252,0.02453669,0.030831993,Tier 2: Physiological Homeostasis Modifier,219.20151636073425
OR51G2,188,352,40.166481018066406,0.03797433,0.6006489221790441,0.2740369230206263,0.8533452135093078,300,1,2,0.027784372,220,253,0.025480427,0.028223384,Tier 2: Physiological Homeostasis Modifier,220.2075019952115
RBPMS,720,136,41.30559158325195,0.045088075,0.9100830999253815,0.1813893432636981,0.8533452135093078,220,1,2,0.0032832564,322,254,0.0006847903,0.06307938,Tier 2: Physiological Homeostasis Modifier,220.21628092577814
OR4D9,228,319,42.070072174072266,0.03787826,0.5964700625971935,0.27543062381191286,0.8533452135093078,302,1,2,0.02778207,221,255,0.02701395,0.026553996,Tier 2: Physiological Homeostasis Modifier,221.20869912210694
RAB11FIP2,723,516,43.765140533447266,0.044956632,0.9043655831145442,0.18290079077743138,0.8533452135093078,221,1,2,0.0021184317,626,256,0.06350137,7.6900236e-05,Tier 2: Physiological Homeostasis Modifier,221.33798882681563
GLI2,620,1650,43.386722564697266,0.04479767,0.8974510429162499,0.1847391430508627,0.8533452135093078,222,1,2,0.005971117,271,257,0.061217424,0.0021360442,Tier 2: Physiological Homeostasis Modifier,222.19672785315242
NLRP14,553,1154,42.06351852416992,0.03786289,0.5958014972617817,0.2756539216878938,0.8533452135093078,304,1,2,0.027767785,222,258,0.02638852,0.0271577,Tier 2: Physiological Homeostasis Modifier,222.20989624900238
PRR12,566,2161,41.46028900146485,0.03787355,0.5962651866876431,0.27549904200502273,0.8533452135093078,303,1,2,0.027743628,223,259,0.02779476,0.025766537,Tier 2: Physiological Homeostasis Modifier,223.20989624900238
DKK2,720,260,41.61772155761719,0.044489957,0.8840661213121076,0.1883302601331317,0.8533452135093078,223,1,2,0.0021987488,567,260,0.000118650496,0.062799655,Tier 2: Physiological Homeostasis Modifier,223.3152434158021
KRTAP15-1,550,214,42.21904754638672,0.037787434,0.5925193068942568,0.2767514480427221,0.8533452135093078,306,1,2,0.027712313,224,261,0.0262658,0.027173698,Tier 2: Physiological Homeostasis Modifier,224.21149241819631
OR10A2,268,314,41.82954406738281,0.03702057,0.5591622029661195,0.2880255130029857,0.8533452135093078,319,1,2,0.02715884,225,262,0.02546541,0.026889585,Tier 2: Physiological Homeostasis Modifier,225.2170790103751
AK9,523,1969,41.43971252441406,0.036892932,0.5536101963115112,0.2899228232054848,0.8533452135093078,321,1,2,0.027075846,226,263,0.025531624,0.026642863,Tier 2: Physiological Homeostasis Modifier,226.21827613727055
PAF1,722,563,41.54215240478515,0.043904394,0.8585952609672853,0.19528192679481027,0.8533452135093078,226,1,2,0.0023012573,505,264,0.061918117,0.00017206301,Tier 2: Physiological Homeostasis Modifier,226.29169992019155
NKD2,519,519,41.247657775878906,0.036487203,0.5359617678813603,0.2959924868830436,0.8533452135093078,325,1,2,0.026800275,227,265,0.025755383,0.025845319,Tier 2: Physiological Homeostasis Modifier,227.22027134876296
CAVIN4,719,406,41.589942932128906,0.043802448,0.8541608067263015,0.19650794799659815,0.8533452135093078,227,1,2,0.002641626,405,266,0.00034928322,0.061596733,Tier 2: Physiological Homeostasis Modifier,227.25219473264167
INF2,513,1420,40.780242919921875,0.036425866,0.5332937267637172,0.2969151347562191,0.8533452135093078,326,1,2,0.026742315,228,267,0.025130538,0.026383419,Tier 2: Physiological Homeostasis Modifier,228.22106943335993
H2BC3,274,128,40.002471923828125,0.036331296,0.5291801142868191,0.29834025503802963,0.8533452135093078,328,1,2,0.026673626,229,268,0.025026962,0.026353244,Tier 2: Physiological Homeostasis Modifier,229.22226656025538
BPIFA1,598,298,40.34597396850586,0.043185767,0.8273363734402068,0.20402321644235955,0.8533452135093078,230,1,2,0.0033246577,317,269,0.060365282,0.00070861354,Tier 2: Physiological Homeostasis Modifier,230.21827613727055
SHANK3,516,1966,41.3753662109375,0.03626429,0.526265482610526,0.29935188109394073,0.8533452135093078,330,1,2,0.026639733,230,270,0.025360359,0.02592509,Tier 2: Physiological Homeostasis Modifier,230.22346368715083
CLEC4A,345,259,40.8189582824707,0.036007036,0.5150754301189121,0.3032501555771291,0.8533452135093078,334,1,2,0.026460536,231,271,0.025547467,0.02537417,Tier 2: Physiological Homeostasis Modifier,231.22545889864327
TRIM22,238,590,41.1116943359375,0.03616499,0.5219461242626783,0.30085392129348554,0.8533452135093078,331,1,2,0.026439633,232,272,0.023693457,0.027451564,Tier 2: Physiological Homeostasis Modifier,232.2246608140463
NRG3,596,750,41.52037048339844,0.042730518,0.8075339205852279,0.20967946994235565,0.8533452135093078,232,1,2,0.0021115926,631,273,7.428217e-05,0.06035579,Tier 2: Physiological Homeostasis Modifier,232.34437350359138
HLA-DQA1,305,208,39.55384063720703,0.035775542,0.5050058879096805,0.3067773502647825,0.8533452135093078,339,1,2,0.026275322,233,274,0.024539877,0.026054379,Tier 2: Physiological Homeostasis Modifier,233.22825219473265
TUBA1B,471,452,41.21497344970703,0.035713363,0.5023012214171242,0.30772782509259233,0.8533452135093078,342,1,2,0.026252475,234,275,0.025118753,0.025387572,Tier 2: Physiological Homeostasis Modifier,234.22984836392658
LMO1,717,158,27.511287689208984,0.0425474,0.7995686410087806,0.21198038119919482,0.8533452135093078,235,1,2,0.0037258668,299,276,0.0009223744,0.059248734,Tier 2: Physiological Homeostasis Modifier,235.21308858739027
PCDHGA10,472,943,41.80088806152344,0.035618905,0.4981924807240626,0.30917419089084164,0.8533452135093078,346,1,2,0.026186291,235,277,0.025140397,0.025232345,Tier 2: Physiological Homeostasis Modifier,235.231843575419
H4C8,365,112,25.58680534362793,0.0355655,0.49586946629740786,0.30999325499028085,0.8533452135093078,347,1,2,0.026145637,236,278,0.0248699,0.025427312,Tier 2: Physiological Homeostasis Modifier,236.23264166001596
GABARAPL1,716,136,35.18326950073242,0.042482723,0.7967553163374436,0.21279657538137597,0.8533452135093078,237,1,2,0.0031102446,335,279,0.00059616193,0.059483487,Tier 2: Physiological Homeostasis Modifier,237.22825219473265
KRTAP13-4,399,196,41.37998580932617,0.035425283,0.48977029742066885,0.31214822560468336,0.8533452135093078,350,1,2,0.026047276,237,280,0.025287833,0.024811078,Tier 2: Physiological Homeostasis Modifier,237.2342378292099
TEX13A,223,497,40.164527893066406,0.035421718,0.4896152268012319,0.31220309976600424,0.8533452135093078,351,1,2,0.026046928,238,281,0.025063306,0.025030568,Tier 2: Physiological Homeostasis Modifier,238.23503591380685
PDE9A,346,605,41.4586067199707,0.035416,0.4893665048371536,0.3122911226189597,0.8533452135093078,352,1,2,0.02602035,239,282,0.024276627,0.025809163,Tier 2: Physiological Homeostasis Modifier,239.23583399840382
OR11L1,407,324,41.70096206665039,0.035355736,0.48674513714858636,0.3132194769531685,0.8533452135093078,354,1,2,0.02599176,240,283,0.024529744,0.02547081,Tier 2: Physiological Homeostasis Modifier,240.23703112529927
C14orf93,719,564,41.54722595214844,0.042001303,0.7758144754933253,0.21892926785337113,0.8533452135093078,240,1,2,0.002425867,454,284,0.059160918,0.00023789116,Tier 2: Physiological Homeostasis Modifier,240.27693535514766
OR5AR1,469,320,41.93928146362305,0.035290435,0.48390466968158935,0.31422676308735686,0.8533452135093078,356,1,2,0.025952836,241,285,0.024772756,0.02513545,Tier 2: Physiological Homeostasis Modifier,241.23822825219474
OR6P1,451,318,42.85314178466797,0.03508591,0.47500822692133143,0.3173905547172122,0.8533452135093078,363,1,2,0.025804957,242,286,0.024467578,0.025151398,Tier 2: Physiological Homeostasis Modifier,242.2414205905826
CCL23,440,158,33.96344757080078,0.035257086,0.48245405254621787,0.31474171555859776,0.8533452135093078,357,1,2,0.025633147,243,287,0.02215363,0.027707417,Tier 2: Physiological Homeostasis Modifier,243.2394253790902
FAM209A,431,178,39.17500305175781,0.03491245,0.4674630517046376,0.3200843105022225,0.8533452135093078,367,1,2,0.025609594,244,288,0.023278303,0.026095355,Tier 2: Physiological Homeostasis Modifier,244.2438148443735
TAS2R16,516,314,42.87470626831055,0.04134615,0.7473165844594118,0.22743624196895001,0.8533452135093078,245,1,2,0.0034085868,311,289,0.0007552402,0.057717048,Tier 2: Physiological Homeostasis Modifier,245.2218675179569
OR8B4,400,325,41.82041549682617,0.034806453,0.4628523867822124,0.32173508901441733,0.8533452135093078,372,1,2,0.025604395,245,290,0.024174187,0.025049567,Tier 2: Physiological Homeostasis Modifier,245.2462090981644
TEX13B,246,370,41.58055114746094,0.03480081,0.4626069271733816,0.3218230712129532,0.8533452135093078,373,1,2,0.025599565,246,291,0.024146158,0.025069619,Tier 2: Physiological Homeostasis Modifier,246.24700718276137
MKNK1,717,422,41.81443405151367,0.04126703,0.7438750171635237,0.2284760453883033,0.8533452135093078,246,1,2,0.002325086,497,292,0.058174558,0.00018584,Tier 2: Physiological Homeostasis Modifier,246.29648842777334
TMEM252,719,208,38.86982727050781,0.041196007,0.740785653740168,0.22941170753937035,0.8533452135093078,247,1,2,0.0036230453,305,293,0.057390425,0.0008695234,Tier 2: Physiological Homeostasis Modifier,247.22027134876296
OR4D5,413,321,42.72846984863281,0.034790367,0.46215267682870315,0.32198591842070645,0.8533452135093078,374,1,2,0.02559883,247,294,0.024807334,0.024393668,Tier 2: Physiological Homeostasis Modifier,247.24780526735833
CASP4,437,451,39.364013671875,0.034813195,0.4631456507699383,0.3216299849863008,0.8533452135093078,370,1,2,0.025587888,248,295,0.023758376,0.02547491,Tier 2: Physiological Homeostasis Modifier,248.24660814046288
PMVK,720,118,41.55858612060547,0.04115046,0.7388044471473237,0.23001287549924482,0.8533452135093078,248,1,2,0.0023502384,486,296,0.057996526,0.00019900128,Tier 2: Physiological Homeostasis Modifier,248.292897047087
H4C1,398,111,40.24072265625,0.034739185,0.45992635861158765,0.32278453987729305,0.8533452135093078,376,1,2,0.025547301,249,297,0.023904886,0.025223736,Tier 2: Physiological Homeostasis Modifier,249.24940143655226
PCP4L1,711,69,38.63347625732422,0.0411498,0.7387757384211447,0.23002159321449306,0.8533452135093078,249,1,2,0.002006043,735,298,0.05817429,2.0316103e-05,Tier 2: Physiological Homeostasis Modifier,249.3926576217079
OR2A5,453,312,42.677268981933594,0.034591693,0.4535107412758295,0.32509050528144434,0.8533452135093078,380,1,2,0.025423426,250,299,0.025425315,0.02349473,Tier 2: Physiological Homeostasis Modifier,250.2513966480447
CACNA1I,449,2121,41.48204803466797,0.03446359,0.447938508018686,0.32709878804348425,0.8533452135093078,385,1,2,0.025360001,251,300,0.023880169,0.024858702,Tier 2: Physiological Homeostasis Modifier,251.2537909018356
FAM107A,717,155,35.47710037231445,0.040760104,0.7218247145467949,0.2352011262617924,0.8533452135093078,252,1,2,0.0029041166,355,301,0.057154246,0.0004892434,Tier 2: Physiological Homeostasis Modifier,252.24221867517957
OR14J1,350,325,41.62646484375,0.034438975,0.44686780302641715,0.3274852561007924,0.8533452135093078,387,1,2,0.025351731,252,302,0.024264693,0.024439368,Tier 2: Physiological Homeostasis Modifier,252.25498802873105
P2RY13,333,369,42.12720489501953,0.034220546,0.43736656310132077,0.3309227646408589,0.8533452135093078,394,1,2,0.02519133,253,303,0.023800706,0.024594454,Tier 2: Physiological Homeostasis Modifier,253.2581803671189
DDA1,718,102,40.2971305847168,0.040719885,0.7200752656707414,0.23573932777547696,0.8533452135093078,253,1,2,0.002306985,502,304,0.057409886,0.00017673062,Tier 2: Physiological Homeostasis Modifier,253.30127693535513
IQANK1,402,584,32.587852478027344,0.03418738,0.43592390611275383,0.33144596981500324,0.8533452135093078,397,1,2,0.025162924,254,305,0.024705313,0.023642952,Tier 2: Physiological Homeostasis Modifier,254.25977653631284
PRSS55,431,370,34.72162628173828,0.034187436,0.435926342004672,0.33144508611789236,0.8533452135093078,396,1,2,0.025155857,255,306,0.023495238,0.024853092,Tier 2: Physiological Homeostasis Modifier,255.25977653631284
SEMA3G,714,845,41.95146560668945,0.040607404,0.7151825592626421,0.23724812223849484,0.8533452135093078,255,1,2,0.0020626318,676,307,4.986301e-05,0.057377677,Tier 2: Physiological Homeostasis Modifier,255.37150837988827
OR8B8,411,317,41.9239387512207,0.034143258,0.43400468426961436,0.3321425197369874,0.8533452135093078,398,1,2,0.025138056,256,308,0.02449302,0.02379284,Tier 2: Physiological Homeostasis Modifier,256.2609736632083
OR2AP1,332,350,41.75944900512695,0.033953413,0.4257467931764906,0.3351461805461272,0.8533452135093078,402,1,2,0.025007524,257,309,0.024179332,0.023838045,Tier 2: Physiological Homeostasis Modifier,257.26296887470073
DHRS7,618,351,41.80088806152344,0.040563464,0.7132712540682369,0.23783896090170653,0.8533452135093078,257,1,2,0.0021932605,571,310,0.057247728,0.00011767261,Tier 2: Physiological Homeostasis Modifier,257.33040702314446
TMEM52B,707,215,40.9193000793457,0.040412456,0.7067026975184704,0.23987562643389299,0.8533452135093078,258,1,2,0.0071784,266,311,0.0028382577,0.054313578,Tier 2: Physiological Homeostasis Modifier,258.2090981644054
CCL8,443,134,37.72956848144531,0.03375466,0.4171014212760895,0.33830211269569943,0.8533452135093078,406,1,2,0.024789773,258,312,0.022472074,0.02526422,Tier 2: Physiological Homeostasis Modifier,258.2649640861931
OR13A1,297,333,42.085968017578125,0.03368312,0.41398956935056036,0.3394408728960613,0.8533452135093078,408,1,2,0.024767099,259,313,0.02269844,0.02493669,Tier 2: Physiological Homeostasis Modifier,259.2661612130886
NRSN2,716,254,41.63685989379883,0.04026645,0.7003517183146851,0.24185384031669488,0.8533452135093078,260,1,2,0.0030964564,336,314,0.056354173,0.0005911808,Tier 2: Physiological Homeostasis Modifier,260.23782920989623
H4C2,399,104,12.160300254821776,0.03347257,0.404831050718744,0.3428008514825349,0.8533452135093078,412,1,2,0.024643296,260,315,0.022877302,0.024460066,Tier 2: Physiological Homeostasis Modifier,260.268156424581
PDZK1IP1,713,149,32.923500061035156,0.040222414,0.6984362373055628,0.24245221042359877,0.8533452135093078,261,1,2,0.0027671512,378,316,0.00041770935,0.056465376,Tier 2: Physiological Homeostasis Modifier,261.254988028731
ABI3BP,413,1965,40.93687438964844,0.03286738,0.3785064537546547,0.3525272001882641,0.8533452135093078,421,1,2,0.024165766,261,317,0.021892576,0.024588916,Tier 2: Physiological Homeostasis Modifier,261.27214684756586
NAIP,368,1426,43.817928314208984,0.032616388,0.36758878617718205,0.3565899388108465,0.8533452135093078,425,1,2,0.023937121,262,318,0.021320987,0.02480555,Tier 2: Physiological Homeostasis Modifier,262.27414205905825
NECAP1,712,276,41.88765335083008,0.040189303,0.696995972710844,0.2429026570811691,0.8533452135093078,262,1,2,0.0020747157,659,319,5.6322664e-05,0.056779943,Tier 2: Physiological Homeostasis Modifier,262.36751795690344
C19orf84,697,220,40.26393127441406,0.035835624,0.5076193389495134,0.3058601627960946,0.8533452135093078,337,1,2,0.008128402,263,320,0.0034381002,0.04724113,Tier 2: Physiological Homeostasis Modifier,263.23942537909016
EAF1,711,295,40.44866943359375,0.040155914,0.6955436156526739,0.24335734381345453,0.8533452135093078,264,1,2,0.0029665479,349,321,0.0005227141,0.056266326,Tier 2: Physiological Homeostasis Modifier,264.24461292897047
ANKRA2,712,313,41.79291915893555,0.04014271,0.6949692671368128,0.24353728086617138,0.8533452135093078,265,1,2,0.0019737561,777,322,4.030764e-06,0.05676633,Tier 2: Physiological Homeostasis Modifier,265.41580207501994
SERTM2,713,103,37.51835632324219,0.04009565,0.6929222479641066,0.24417917344752765,0.8533452135093078,266,1,2,0.0023033624,504,323,0.00017520785,0.056528606,Tier 2: Physiological Homeostasis Modifier,266.3072625698324
TMEM244,502,129,35.66408920288086,0.03368512,0.41407656549049693,0.33940901728540684,0.8533452135093078,407,1,2,0.0069201156,267,324,0.04489577,0.0027421787,Tier 2: Physiological Homeostasis Modifier,267.26895450917795
NMS,606,165,40.97524642944336,0.02327089,-0.03892233971502286,0.515523847227289,0.8533452135093078,637,1,2,0.0067149964,268,325,0.030146852,0.0027631493,Tier 2: Physiological Homeostasis Modifier,268.3611332801277
DNAJC19,712,116,41.41767883300781,0.039503906,0.6671825260488105,0.2523277756364249,0.8533452135093078,277,1,2,0.0065015294,269,326,0.053409632,0.0024573263,Tier 2: Physiological Homeostasis Modifier,269.21787709497204
SLC26A9,713,804,41.50601959228515,0.039738715,0.677396264359987,0.24907728393859535,0.8533452135093078,270,1,2,0.005729536,273,327,0.054177374,0.0020216499,Tier 2: Physiological Homeostasis Modifier,270.2166799680766
PLEKHG2,641,1535,42.12096405029297,0.024840076,0.02933422270618628,0.4882990164333237,0.8533452135093078,599,1,2,0.006020851,270,328,0.032824643,0.0023045316,Tier 2: Physiological Homeostasis Modifier,270.3467677573823
STK3,682,495,41.745941162109375,0.03154022,0.3207775552155829,0.37418948480627445,0.8533452135093078,449,1,2,0.00543388,274,329,0.001897024,0.04270758,Tier 2: Physiological Homeostasis Modifier,274.2885075818037
SCAF4,701,1255,41.789512634277344,0.036138628,0.520799428142175,0.30125325075285125,0.8533452135093078,332,1,2,0.005319789,275,330,0.0018084068,0.04929933,Tier 2: Physiological Homeostasis Modifier,275.2422186751796
TMEM171,712,344,41.6137809753418,0.039540358,0.6687681176952933,0.25182170371890966,0.8533452135093078,276,1,2,0.0032458527,325,331,0.0006711446,0.05524737,Tier 2: Physiological Homeostasis Modifier,276.2398244213887
DAAM2,669,1093,41.3974494934082,0.02772061,0.15463189218412915,0.4385557630328052,0.8533452135093078,531,1,2,0.0052751284,276,332,0.037370607,0.0018322505,Tier 2: Physiological Homeostasis Modifier,276.3220271348763
RFESD,475,222,41.66743850708008,0.03480654,0.4628561711142995,0.3217337326419494,0.8533452135093078,371,1,2,0.0051004165,277,333,0.047532223,0.001691645,Tier 2: Physiological Homeostasis Modifier,277.2585794094174
DSEL,711,1219,42.04282760620117,0.03946967,0.6656933261253772,0.25280357009504406,0.8533452135093078,278,1,2,0.0025786099,413,334,0.00031941384,0.05549913,Tier 2: Physiological Homeostasis Modifier,278.2757382282522
ANP32E,702,146,36.20909881591797,0.035666298,0.5002539847540681,0.30844812517905373,0.8533452135093078,343,1,2,0.0048849094,279,335,0.048871532,0.0015682338,Tier 2: Physiological Homeostasis Modifier,279.24820430965684
MAPK8,712,429,41.84068298339844,0.03940528,0.6628924854001212,0.2536997074166597,0.8533452135093078,280,1,2,0.0020006148,741,336,1.8268824e-05,0.055709206,Tier 2: Physiological Homeostasis Modifier,280.4074221867518
DNAJC17,715,307,37.57202911376953,0.039405156,0.662887091639445,0.25370143477433593,0.8533452135093078,281,1,2,0.00273365,383,337,0.05532649,0.0004008174,Tier 2: Physiological Homeostasis Modifier,281.2649640861931
PTGDS,686,204,35.84934997558594,0.031392265,0.3143417982734295,0.37663072772847755,0.8533452135093078,455,1,2,0.004828475,281,338,0.0015549343,0.042840432,Tier 2: Physiological Homeostasis Modifier,281.29369513168393
ADAMTS6,690,1131,40.9726448059082,0.032550484,0.3647220893739938,0.35765943394005273,0.8533452135093078,428,1,2,0.004777712,282,339,0.0015211888,0.044512145,Tier 2: Physiological Homeostasis Modifier,282.2833200319234
DCSTAMP,712,474,41.754615783691406,0.03935271,0.66060579186189,0.2544325768550414,0.8533452135093078,284,1,2,0.0037091752,301,340,0.054734707,0.0009184235,Tier 2: Physiological Homeostasis Modifier,284.23343974461295
MYH10,673,2021,41.621768951416016,0.027829487,0.15936783154806308,0.43668954083715394,0.8533452135093078,527,1,2,0.0046105515,284,341,0.03790637,0.0014504706,Tier 2: Physiological Homeostasis Modifier,284.3236233040702
PIMREG,714,204,43.225704193115234,0.0392246,0.6550332541182565,0.2562231719678373,0.8533452135093078,285,1,2,0.0029756124,347,342,0.0549435,0.00052845513,Tier 2: Physiological Homeostasis Modifier,285.25219473264167
SMIM40,690,82,34.275177001953125,0.0058547626,-0.7964902679362985,0.7871264350466025,0.8533452135093078,781,1,2,0.0045785736,285,343,0.0024412945,0.0058385907,Tier 2: Physiological Homeostasis Modifier,285.4253790901836
ELAPOR2,658,1047,41.91572189331055,0.026517171,0.10228461835960005,0.4592653820203171,0.8533452135093078,563,1,2,0.004568157,286,344,0.036066875,0.0014340668,Tier 2: Physiological Homeostasis Modifier,286.3387869114126
NR2C2AP,717,139,36.69572448730469,0.039107155,0.6499246232908346,0.25787045599585456,0.8533452135093078,287,1,2,0.0034284962,310,345,0.054537028,0.0007688465,Tier 2: Physiological Homeostasis Modifier,287.23822825219474
CLEC4F,611,611,42.89076614379883,0.021946782,-0.09651848214455143,0.5384456020874543,0.8533452135093078,671,1,2,0.004499479,287,346,0.029609226,0.0014282097,Tier 2: Physiological Homeostasis Modifier,287.38228252194733
SVBP,716,69,35.266319274902344,0.038909823,0.6413410621478588,0.260650558146266,0.8533452135093078,288,1,2,0.0022319658,545,347,0.05488807,0.00013872108,Tier 2: Physiological Homeostasis Modifier,288.33240223463685
MDGA1,681,1008,41.57602310180664,0.029436821,0.2292837583424212,0.40932418811475846,0.8533452135093078,482,1,2,0.0042478153,289,348,0.04039117,0.0012387866,Tier 2: Physiological Homeostasis Modifier,289.30766161213086
PDHB,713,354,42.39651107788086,0.038864754,0.6393806476324593,0.26128766766988554,0.8533452135093078,289,1,2,0.0021696822,589,349,0.054856732,0.00010632799,Tier 2: Physiological Homeostasis Modifier,289.35035913806865
LDLRAP1,714,325,30.823570251464844,0.038860556,0.6391980427347324,0.261347052619603,0.8533452135093078,290,1,2,0.0022854602,515,350,0.054790504,0.00016662551,Tier 2: Physiological Homeostasis Modifier,290.3212290502793
ERBB4,630,1308,41.32126998901367,0.024879443,0.031046611226626733,0.48761618359420045,0.8533452135093078,598,1,2,0.0041779703,290,351,0.0012217294,0.033963114,Tier 2: Physiological Homeostasis Modifier,290.3543495610535
RIMBP3B,585,1753,41.06977462768555,0.038717072,0.6329567656634071,0.2633809382937694,0.8533452135093078,291,1,2,0.002155444,599,352,0.054655194,9.9003315e-05,Tier 2: Physiological Homeostasis Modifier,291.35514764565045
ENSG00000284976,596,218,29.00766944885254,0.024744332,0.02516954349514557,0.4899598650133994,0.8533452135093078,602,1,2,0.0041329116,291,353,0.0011969229,0.033796843,Tier 2: Physiological Homeostasis Modifier,291.35634477254587
C6,662,949,41.34931182861328,0.026637869,0.10753474840862882,0.4571823799469616,0.8533452135093078,558,1,2,0.0040762126,293,354,0.036516443,0.0011551883,Tier 2: Physiological Homeostasis Modifier,293.3395849960096
MAT2A,714,404,41.52090835571289,0.03863798,0.6295164163134779,0.26450551238080894,0.8533452135093078,293,1,2,0.0021869629,578,355,0.054526918,0.00011544768,Tier 2: Physiological Homeostasis Modifier,293.34756584197925
STARD3NL,700,238,41.76238250732422,0.034261737,0.4391582921013834,0.33027342186620046,0.8533452135093078,393,1,2,0.003962587,294,356,0.0010658838,0.047387533,Tier 2: Physiological Homeostasis Modifier,294.27414205905825
OPRL1,712,290,41.20832824707031,0.038616154,0.6285670274383506,0.26481627619645026,0.8533452135093078,294,1,2,0.0025560106,421,357,0.054303244,0.00030823745,Tier 2: Physiological Homeostasis Modifier,294.2853152434158
MRPL17,689,176,37.103458404541016,0.03199017,0.34034951179779993,0.3667966676054969,0.8533452135093078,439,1,2,0.0038949547,295,358,0.001035152,0.044205777,Tier 2: Physiological Homeostasis Modifier,295.29289704708697
HNRNPA2B1,713,365,41.55895233154297,0.038599286,0.6278333019941259,0.2650565739115561,0.8533452135093078,295,1,2,0.002165315,593,359,0.054483436,0.00010420394,Tier 2: Physiological Homeostasis Modifier,295.3543495610535
BAIAP2L1,694,524,41.87488555908203,0.034032803,0.4292001049512705,0.33388880331211745,0.8533452135093078,400,1,2,0.0037960121,296,360,0.00097588636,0.047153763,Tier 2: Physiological Homeostasis Modifier,296.2777334397446
TMBIM1,714,314,38.663330078125,0.03855923,0.6260909433034775,0.2656276461318307,0.8533452135093078,296,1,2,0.0023905353,467,361,0.054309316,0.00022166863,Tier 2: Physiological Homeostasis Modifier,296.304469273743
PCNX3,674,2053,42.41333770751953,0.027698884,0.15368685311599883,0.43892832565723183,0.8533452135093078,532,1,2,0.0037733628,297,362,0.03819003,0.0009821034,Tier 2: Physiological Homeostasis Modifier,297.3308060654429
INTS6,712,889,41.5246696472168,0.038553603,0.6258461796637661,0.26570791935892346,0.8533452135093078,297,1,2,0.0021758503,584,363,0.054413307,0.00010971195,Tier 2: Physiological Homeostasis Modifier,297.3515562649641
MAF,531,434,28.786643981933594,0.03800325,0.6019068863625262,0.2736180600482764,0.8533452135093078,298,1,2,0.0029440853,353,364,0.00051311404,0.0532316,Tier 2: Physiological Homeostasis Modifier,298.25977653631287
ITIH2,696,967,42.106353759765625,0.0344535,0.44749961249270614,0.3272571837992876,0.8533452135093078,386,1,2,0.0037375144,298,365,0.0009431988,0.047781408,Tier 2: Physiological Homeostasis Modifier,298.27294493216283
OR10G6,256,342,43.46223068237305,0.037980217,0.6009049953169471,0.27395163294623237,0.8533452135093078,299,1,2,0.002048762,685,366,4.3942593e-05,0.05366819,Tier 2: Physiological Homeostasis Modifier,299.3926576217079
KRTAP29-1,653,395,41.428016662597656,0.025997965,0.07970015944366136,0.4682378663203783,0.8533452135093078,572,1,2,0.0037200795,300,367,0.035807632,0.0009590378,Tier 2: Physiological Homeostasis Modifier,300.34796488427776
PRLHR,711,382,41.75856018066406,0.0379519,0.599673260469656,0.2743620060714711,0.8533452135093078,301,1,2,0.002403782,460,368,0.053443067,0.00022902293,Tier 2: Physiological Homeostasis Modifier,301.30367118914603
CRYBB1,633,268,41.1392936706543,0.024469791,0.01322753986799037,0.49472312896184084,0.8533452135093078,608,1,2,0.003693405,302,369,0.0009506494,0.03365486,Tier 2: Physiological Homeostasis Modifier,302.3631284916201
SLC22A3,687,563,38.63707733154297,0.031889725,0.33598034815983846,0.3684428429200249,0.8533452135093078,443,1,2,0.0036750527,303,370,0.00091542304,0.04418346,Tier 2: Physiological Homeostasis Modifier,303.2976855546688
CCDC78,629,525,40.93369674682617,0.021605028,-0.11138412154848323,0.5443441245621276,0.8533452135093078,682,1,2,0.0036527775,304,371,0.029611856,0.0009422698,Tier 2: Physiological Homeostasis Modifier,304.39345570630485
USE1,711,264,42.0202751159668,0.037804525,0.5932627324080841,0.2765026677498533,0.8533452135093078,305,1,2,0.0024477856,443,372,0.05321151,0.000252162,Tier 2: Physiological Homeostasis Modifier,305.2984836392658
LEFTY2,512,406,29.349275588989254,0.037766572,0.5916118501585789,0.27705526837385946,0.8533452135093078,307,1,2,0.0035156398,306,373,0.00081743114,0.052592568,Tier 2: Physiological Homeostasis Modifier,306.24461292897047
NR4A1,706,666,37.999168395996094,0.037697498,0.5886072644735917,0.27806237980089676,0.8533452135093078,308,1,2,0.0029682494,348,374,0.00052623823,0.052786067,Tier 2: Physiological Homeostasis Modifier,308.26177174780526
MYO3A,640,1654,43.43210220336914,0.025045674,0.03827733889552001,0.48473327924219967,0.8533452135093078,593,1,2,0.0034876775,308,375,0.00083369575,0.034586236,Tier 2: Physiological Homeostasis Modifier,308.3595371109338
CCDC172,710,264,39.881011962890625,0.037611425,0.5848632550972137,0.2793198337662432,0.8533452135093078,309,1,2,0.0028213407,367,376,0.052741885,0.00044869725,Tier 2: Physiological Homeostasis Modifier,309.26975259377497
DBN1,713,701,41.8089599609375,0.037598025,0.5842803809596392,0.27951584473638613,0.8533452135093078,310,1,2,0.002129223,616,377,0.053085648,8.598788e-05,Tier 2: Physiological Homeostasis Modifier,310.3695131683958
GPR15LG,713,98,32.840518951416016,0.03752808,0.5812379084557093,0.2805400609088172,0.8533452135093078,311,1,2,0.0020743376,660,378,5.747378e-05,0.053015243,Tier 2: Physiological Homeostasis Modifier,311.38747007182764
NFKBIE,711,394,42.31868362426758,0.037473008,0.5788423827464177,0.28134776519692933,0.8533452135093078,312,1,2,0.0020549232,678,379,0.052947428,4.741014e-05,Tier 2: Physiological Homeostasis Modifier,312.3950518754988
COL22A1,538,1659,40.84210586547851,0.020228477,-0.17126143326135707,0.5679908979072467,0.8533452135093078,708,1,2,0.0034036012,312,380,0.0008086809,0.027798705,Tier 2: Physiological Homeostasis Modifier,312.4070231444533
CREB5,700,538,41.054931640625,0.035728276,0.502949908134561,0.3074997453972501,0.8533452135093078,341,1,2,0.003392854,313,381,0.0007550679,0.04977235,Tier 2: Physiological Homeostasis Modifier,313.2609736632083
PLSCR3,709,322,41.03098678588867,0.03735836,0.5738554160206969,0.2830328225525977,0.8533452135093078,313,1,2,0.002247689,539,382,0.05268483,0.00014787428,Tier 2: Physiological Homeostasis Modifier,313.33998403830805
SMN2,705,296,44.100364685058594,0.037327338,0.5725060188941417,0.28348960468697115,0.8533452135093078,314,1,2,0.0030337581,341,383,0.0005613752,0.05222745,Tier 2: Physiological Homeostasis Modifier,314.2613727055068
OR6K6,480,321,41.74716567993164,0.018687334,-0.23829817930644645,0.5941750833076455,0.8533452135093078,736,1,2,0.0033900535,314,384,0.025617568,0.0008103084,Tier 2: Physiological Homeostasis Modifier,314.4189944134078
RAB43,680,214,29.50347137451172,0.02875972,0.19983117166884454,0.4208063107606195,0.8533452135093078,503,1,2,0.0033707512,315,385,0.039914604,0.0007577832,Tier 2: Physiological Homeostasis Modifier,315.32641660015963
LALBA,703,184,36.36784362792969,0.03731627,0.5720245822557329,0.28365266045927706,0.8533452135093078,315,1,2,0.002068976,667,386,5.4800883e-05,0.052718375,Tier 2: Physiological Homeostasis Modifier,315.3918595371109
PCTP,583,238,41.48311233520508,0.022820992,-0.05849203439760173,0.523321646368513,0.8533452135093078,653,1,2,0.0033636854,316,387,0.0007736257,0.031500127,Tier 2: Physiological Homeostasis Modifier,316.38667198723067
ACP5,712,344,42.452510833740234,0.03730293,0.5714443180023563,0.2838492474286596,0.8533452135093078,316,1,2,0.0020678951,669,388,0.05270007,5.4246048e-05,Tier 2: Physiological Homeostasis Modifier,316.3930566640064
PRPH2,719,353,41.49202728271485,0.037118748,0.5634327564794629,0.28657011855349296,0.8533452135093078,317,1,2,0.0027928825,373,389,0.052059643,0.00043418666,Tier 2: Physiological Homeostasis Modifier,317.2753391859537
PPWD1,706,715,41.94489288330078,0.03707297,0.5614415018324559,0.2872482992636992,0.8533452135093078,318,1,2,0.002310102,499,390,0.00018066168,0.052248433,Tier 2: Physiological Homeostasis Modifier,318.3260175578611
PLEKHA5,616,1349,41.57460021972656,0.023283638,-0.03836782631906753,0.5153027935185629,0.8533452135093078,636,1,2,0.0033171743,318,391,0.00074585225,0.032182183,Tier 2: Physiological Homeostasis Modifier,318.3806863527534
GBGT1,607,368,40.39645767211914,0.021661524,-0.10892665458755645,0.5433696674369816,0.8533452135093078,680,1,2,0.0033131617,319,392,0.029883543,0.00075047556,Tier 2: Physiological Homeostasis Modifier,319.39864325618515
CCNG1,709,299,41.259029388427734,0.03702003,0.5591387140083366,0.2880335276222201,0.8533452135093078,320,1,2,0.0019836496,765,393,0.05234362,1.0615186e-05,Tier 2: Physiological Homeostasis Modifier,320.4329608938547
L1CAM,663,1266,41.97785186767578,0.027331615,0.13771136045682708,0.445234270301865,0.8533452135093078,542,1,2,0.0032872742,321,394,0.0007160781,0.03793666,Tier 2: Physiological Homeostasis Modifier,321.3443735035914
GARIN2,709,454,44.38536834716797,0.03659234,0.5405350244636128,0.29441405680589805,0.8533452135093078,322,1,2,0.0024605528,437,395,0.051489577,0.00025980428,Tier 2: Physiological Homeostasis Modifier,322.30287310454906
RRAGD,702,410,39.29709243774414,0.0365708,0.5395980760364966,0.29473712187066037,0.8533452135093078,323,1,2,0.0028517745,358,396,0.00046588853,0.051253036,Tier 2: Physiological Homeostasis Modifier,323.27174780526735
ICA1L,700,512,41.68095016479492,0.03411707,0.43286555681328553,0.33255622189100575,0.8533452135093078,399,1,2,0.003280757,323,397,0.047551073,0.0006977394,Tier 2: Physiological Homeostasis Modifier,323.2881085395052
NCOR2,525,2674,41.262786865234375,0.018785331,-0.2340354989437672,0.5925212901722189,0.8533452135093078,731,1,2,0.003278342,324,398,0.025820594,0.00074587204,Tier 2: Physiological Homeostasis Modifier,324.42098962490024
SDHAF2,710,179,40.885135650634766,0.036511283,0.5370092014061957,0.2956306290943863,0.8533452135093078,324,1,2,0.0019745477,776,399,0.051628605,6.1485334e-06,Tier 2: Physiological Homeostasis Modifier,324.438946528332
OR6C68,280,341,41.60009002685547,0.018758956,-0.23518276053917994,0.5929665570614433,0.8533452135093078,733,1,2,0.0032423905,326,400,0.025803605,0.00072556455,Tier 2: Physiological Homeostasis Modifier,326.4225857940942
CLPSL2,656,104,37.025390625,0.025970737,0.07851579399456564,0.4687088836077416,0.8533452135093078,573,1,2,0.003221088,327,401,0.03604442,0.00068374653,Tier 2: Physiological Homeostasis Modifier,327.3591380686353
NFKBID,706,517,42.6660041809082,0.036340933,0.5295993051871032,0.2981948880997609,0.8533452135093078,327,1,2,0.0020912634,649,402,0.051326886,6.6952314e-05,Tier 2: Physiological Homeostasis Modifier,327.38946528332
ACP4,674,462,37.210716247558594,0.028413491,0.18477087840180492,0.42670437510051107,0.8533452135093078,515,1,2,0.0032029732,328,403,0.00066739507,0.03951535,Tier 2: Physiological Homeostasis Modifier,328.33639265762173
TDG,708,447,40.94378662109375,0.03628475,0.5271554531220766,0.2990428203581448,0.8533452135093078,329,1,2,0.002675393,399,404,0.050941326,0.00037305808,Tier 2: Physiological Homeostasis Modifier,329.29050279329607
CACHD1,668,1279,41.72593307495117,0.028481398,0.18772470183913945,0.42554623262455277,0.8533452135093078,512,1,2,0.0032025173,329,405,0.0006669853,0.039611787,Tier 2: Physiological Homeostasis Modifier,329.33559457302476
ADAMTS9,661,1976,41.53489303588867,0.027514957,0.1456863836009472,0.44208448549397245,0.8533452135093078,536,1,2,0.0031385007,330,406,0.0006345557,0.03827747,Tier 2: Physiological Homeostasis Modifier,330.3455706304868
KLK3,418,281,37.28670501708984,0.017815564,-0.27621849176267377,0.6088098724216889,0.8533452135093078,756,1,2,0.0031322767,331,407,0.024526503,0.00066850707,Tier 2: Physiological Homeostasis Modifier,331.4337589784517
OR5K1,451,309,41.843894958496094,0.017912667,-0.27199469867454606,0.6071869522090404,0.8533452135093078,753,1,2,0.0031286515,332,408,0.024666484,0.0006658565,Tier 2: Physiological Homeostasis Modifier,332.4329608938547
KXD1,709,196,30.08052444458008,0.036028087,0.515991107989814,0.30293030984294,0.8533452135093078,333,1,2,0.0026853068,395,409,0.050572865,0.0003785424,Tier 2: Physiological Homeostasis Modifier,333.29050279329607
ADCY2,644,1118,41.63300704956055,0.025500631,0.05806709031406821,0.4768475941344459,0.8533452135093078,586,1,2,0.0031211292,333,410,0.0006304011,0.035432935,Tier 2: Physiological Homeostasis Modifier,333.3667198723065
KRTAP24-1,624,270,41.31463241577149,0.023302827,-0.037533141854446526,0.5149700423114556,0.8533452135093078,634,1,2,0.003116519,334,411,0.000634708,0.032320462,Tier 2: Physiological Homeostasis Modifier,334.38627294493216
IYD,705,311,33.31669998168945,0.035971425,0.5135264203492726,0.30379156718632816,0.8533452135093078,335,1,2,0.0021296013,615,412,8.715503e-05,0.050784122,Tier 2: Physiological Homeostasis Modifier,335.37909018355947
SLC35B2,708,385,42.19256591796875,0.035856992,0.5085488057085948,0.3055342604540571,0.8533452135093078,336,1,2,0.0023546289,482,413,0.050504595,0.00020485558,Tier 2: Physiological Homeostasis Modifier,336.32641660015963
KCNU1,485,1254,42.79459762573242,0.018580187,-0.2429588670093352,0.5959813689112384,0.8533452135093078,737,1,2,0.003091779,337,414,0.00064114016,0.025635213,Tier 2: Physiological Homeostasis Modifier,337.42857142857144
MRPL1,674,332,41.31479263305664,0.028377518,0.1832061223308369,0.4273181453733872,0.8533452135093078,517,1,2,0.0030878696,338,415,0.03952679,0.00060508307,Tier 2: Physiological Homeostasis Modifier,338.3411811652035
C1orf162,705,180,36.22924041748047,0.03583523,0.5076022007099459,0.3058661734847016,0.8533452135093078,338,1,2,0.0020306336,706,416,0.05064298,3.5678502e-05,Tier 2: Physiological Homeostasis Modifier,338.4166001596169
CLHC1,707,592,41.441654205322266,0.004151487,-0.8705794691603234,0.8080080947032804,0.8533452135093078,785,1,2,0.0030608885,339,417,0.001080215,0.004790874,Tier 2: Physiological Homeostasis Modifier,339.4485235434956
SNRNP200,684,2173,41.49856185913086,0.03159182,0.3230220556259449,0.37333926936531137,0.8533452135093078,447,1,2,0.0030432025,340,418,0.0005747266,0.04410285,Tier 2: Physiological Homeostasis Modifier,340.31404628890664
PLEKHM3,706,773,41.4298095703125,0.035772935,0.5048924884412732,0.30681717512431184,0.8533452135093078,340,1,2,0.0021354344,609,419,0.050500236,9.032199e-05,Tier 2: Physiological Homeostasis Modifier,340.37869114126096
RGR,672,306,43.97938537597656,0.027630264,0.1507020155547771,0.44010539160637546,0.8533452135093078,533,1,2,0.0030202235,342,420,0.00057013147,0.03850496,Tier 2: Physiological Homeostasis Modifier,342.3491620111732
OR1J2,305,325,41.24140930175781,0.03453408,0.4510046869707484,0.32599308547545824,0.8533452135093078,382,1,2,0.0030140253,343,421,0.00055454765,0.048284017,Tier 2: Physiological Homeostasis Modifier,343.28930566640065
OR4D6,460,370,41.53752899169922,0.03564223,0.4992070732060721,0.30881675607360703,0.8533452135093078,344,1,2,0.0022023662,561,422,0.00012534857,0.05028037,Tier 2: Physiological Homeostasis Modifier,344.3611332801277
F2RL3,660,409,40.11601638793945,0.02603876,0.08147466320801638,0.46753223685407264,0.8533452135093078,571,1,2,0.0030102055,344,423,0.036255907,0.0005684672,Tier 2: Physiological Homeostasis Modifier,344.36512370311254
SLC16A7,703,491,41.85932159423828,0.03562593,0.4984980546655896,0.3090665200024624,0.8533452135093078,345,1,2,0.0023913302,466,424,0.05015841,0.00022427872,Tier 2: Physiological Homeostasis Modifier,345.3236233040702
GATAD2A,707,663,41.767616271972656,0.03554868,0.49513782876054174,0.310251416330903,0.8533452135093078,348,1,2,0.0021276907,618,425,0.050187,8.642499e-05,Tier 2: Physiological Homeostasis Modifier,348.3854748603352
COMMD2,707,227,37.82332229614258,0.035531938,0.4944095840731332,0.31050847337985743,0.8533452135093078,349,1,2,0.002175326,585,426,0.050138436,0.0001112991,Tier 2: Physiological Homeostasis Modifier,349.37270550678375
EPHB4,676,991,41.497215270996094,0.02807789,0.17017288262238806,0.4324370885898467,0.8533452135093078,524,1,2,0.002956945,350,427,0.039173167,0.00053496286,Tier 2: Physiological Homeostasis Modifier,350.3487629688747
INSL3,680,153,37.86532974243164,0.028695134,0.19702180532187477,0.4219052370184525,0.8533452135093078,505,1,2,0.0029560504,351,428,0.040047813,0.00053323293,Tier 2: Physiological Homeostasis Modifier,351.341580207502
SMN1,695,259,42.54108428955078,0.034373038,0.4439996707869204,0.32852141096484583,0.8533452135093078,390,1,2,0.0029443966,352,429,0.00051771104,0.048093107,Tier 2: Physiological Homeostasis Modifier,352.2960893854749
IRF7,443,572,36.542747497558594,0.0353903,0.4882486044389692,0.31268688048501825,0.8533452135093078,353,1,2,0.0020875942,652,430,0.049983826,6.561354e-05,Tier 2: Physiological Homeostasis Modifier,353.40103750997605
CCER2,675,302,38.34858703613281,0.029143587,0.21652864529334936,0.4142878495055062,0.8533452135093078,492,1,2,0.0029392156,354,431,0.04069195,0.00052330294,Tier 2: Physiological Homeostasis Modifier,354.33758978451715
HDX,702,697,41.89972305297851,0.035303455,0.4844710145525759,0.3140258151756613,0.8533452135093078,355,1,2,0.002511889,427,432,0.0002878867,0.04963874,Tier 2: Physiological Homeostasis Modifier,355.3120510774142
NPFF,689,122,39.15475845336914,0.0030387258,-0.9189824336958847,0.820947619805386,0.8533452135093078,789,1,2,0.0028599852,356,433,0.0031021684,0.0011952408,Tier 2: Physiological Homeostasis Modifier,356.45690343176375
GRINA,684,399,41.80450439453125,0.030893212,0.2926339559615609,0.38490097813188134,0.8533452135093078,462,1,2,0.0028584911,357,434,0.00047699176,0.043212604,Tier 2: Physiological Homeostasis Modifier,357.3268156424581
TM9SF3,702,606,38.27081680297851,0.035252687,0.48226270453642744,0.31480966884292383,0.8533452135093078,358,1,2,0.0023299335,493,435,0.00019238517,0.04966244,Tier 2: Physiological Homeostasis Modifier,358.3395849960096
PCDHB8,388,696,41.331260681152344,0.035192944,0.4796639993423138,0.3157331653111051,0.8533452135093078,359,1,2,0.0021152084,628,436,8.014031e-05,0.0496902,Tier 2: Physiological Homeostasis Modifier,359.39385474860336
LMNTD1,623,381,41.578521728515625,0.02262234,-0.06713301299293577,0.5267620936999986,0.8533452135093078,657,1,2,0.002850358,359,437,0.031502284,0.0004905369,Tier 2: Physiological Homeostasis Modifier,359.4054269752594
TAF4,452,1242,40.88351821899414,0.0351769,0.4789661163077431,0.3159813669573063,0.8533452135093078,360,1,2,0.0027676807,377,438,0.00042296946,0.049324676,Tier 2: Physiological Homeostasis Modifier,360.29409417398244
DKK4,617,246,41.15106964111328,0.02240682,-0.0765077170324945,0.5304924126658779,0.8533452135093078,661,1,2,0.0028487272,360,439,0.031197738,0.00049029104,Tier 2: Physiological Homeostasis Modifier,360.4074221867518
AAAS,706,562,42.29056930541992,0.035161495,0.4782960285398823,0.31621976132303903,0.8533452135093078,361,1,2,0.0020319407,703,440,0.049689103,3.6750047e-05,Tier 2: Physiological Homeostasis Modifier,361.4245810055866
GINM1,703,343,41.64653015136719,0.00265148,-0.9358268785991983,0.82531883495856,0.8533452135093078,790,1,2,0.0028485197,361,441,0.0021501612,0.001599597,Tier 2: Physiological Homeostasis Modifier,361.45929768555465
SNRPG,676,76,35.26394271850586,0.028936045,0.2075009688559975,0.4178093180503718,0.8533452135093078,497,1,2,0.0028452927,362,442,0.040448535,0.00047321152,Tier 2: Physiological Homeostasis Modifier,362.34277733439745
KCNK4,702,434,36.201541900634766,0.03514468,0.4775646084933659,0.31648006284753566,0.8533452135093078,362,1,2,0.0019709705,779,443,0.04969706,5.021575e-06,Tier 2: Physiological Homeostasis Modifier,362.4553072625698
NCAN,660,1429,41.34672546386719,0.025601342,0.062447824438641324,0.4751031054273512,0.8533452135093078,579,1,2,0.0028436715,363,444,0.035726663,0.00047909748,Tier 2: Physiological Homeostasis Modifier,363.3758978451716
CD8A,697,274,37.634132385253906,0.035057575,0.47377570910878103,0.31782992912129115,0.8533452135093078,364,1,2,0.0023564047,481,445,0.0002064202,0.049372483,Tier 2: Physiological Homeostasis Modifier,364.3371907422187
DRC12,491,154,40.69292449951172,0.0033655898,-0.9047644805537804,0.8172049136582177,0.8533452135093078,787,1,2,0.0028419297,364,446,0.0037281737,0.0010314919,Tier 2: Physiological Homeostasis Modifier,364.45929768555465
CROCC2,461,1800,39.92097473144531,0.03505143,0.4735084134688261,0.3179252499527452,0.8533452135093078,365,1,2,0.002308905,501,447,0.00018152222,0.049388688,Tier 2: Physiological Homeostasis Modifier,365.3455706304868
CST11,658,162,32.058448791503906,0.025300791,0.04937443601161177,0.4803104502075407,0.8533452135093078,589,1,2,0.002830232,365,448,0.035308212,0.0004725072,Tier 2: Physiological Homeostasis Modifier,365.3806863527534
OR5A1,445,355,41.61449432373047,0.035027113,0.4724506709014079,0.31830257192837996,0.8533452135093078,366,1,2,0.0025369243,423,449,0.0003013215,0.04923449,Tier 2: Physiological Homeostasis Modifier,366.3148443735036
EPSTI1,678,319,41.57953643798828,0.030775944,0.2875330242925233,0.3868521096334505,0.8533452135093078,464,1,2,0.002821448,366,450,0.043066382,0.00045737997,Tier 2: Physiological Homeostasis Modifier,366.3312051077414
HMMR,694,762,41.95330047607422,0.032210283,0.3499240024727229,0.3631978665421254,0.8533452135093078,435,1,2,0.0028204906,368,451,0.045097474,0.00045475003,Tier 2: Physiological Homeostasis Modifier,368.32043096568236
SGO1,707,579,41.65348434448242,0.034841474,0.4643757326905706,0.3211892867031973,0.8533452135093078,368,1,2,0.0021651438,594,452,0.049166832,0.000106448366,Tier 2: Physiological Homeostasis Modifier,368.38387869114126
C20orf96,680,461,40.08589553833008,0.02884013,0.20332885147499205,0.4194390031433083,0.8533452135093078,500,1,2,0.0028195342,369,453,0.040326543,0.0004595567,Tier 2: Physiological Homeostasis Modifier,369.3467677573823
JAM2,700,304,41.669647216796875,0.03483621,0.4641467588502578,0.32127130152425243,0.8533452135093078,369,1,2,0.0022476816,540,454,0.0001496207,0.049116217,Tier 2: Physiological Homeostasis Modifier,369.36272944932165
TMEM231,625,319,41.510398864746094,0.023297552,-0.03776259417352919,0.5150615156942507,0.8533452135093078,635,1,2,0.0028171972,370,455,0.03247725,0.00047047064,Tier 2: Physiological Homeostasis Modifier,370.40103750997605
SH3GL3,669,378,41.262351989746094,0.027319495,0.13718416384881177,0.44544261398960366,0.8533452135093078,543,1,2,0.0028035315,371,456,0.038181826,0.00045377575,Tier 2: Physiological Homeostasis Modifier,371.36472466081403
OR6C4,262,278,41.3680419921875,0.017799482,-0.2769180277239033,0.6090784752058547,0.8533452135093078,757,1,2,0.0028005543,372,457,0.00048099738,0.024691269,Tier 2: Physiological Homeostasis Modifier,372.450518754988
SEMA3D,668,829,41.84754943847656,0.02799655,0.16663474961116992,0.43382872485974744,0.8533452135093078,525,1,2,0.0027706814,374,458,0.00043483824,0.039158262,Tier 2: Physiological Homeostasis Modifier,374.35873902633676
RCOR2,701,543,41.87490463256836,0.0340151,0.4284300586186224,0.3341690221732533,0.8533452135093078,401,1,2,0.002768688,375,459,0.04767976,0.00042486383,Tier 2: Physiological Homeostasis Modifier,375.3096568236233
COTL1,706,153,26.568695068359375,0.03476288,0.4609570453794857,0.32241471160260615,0.8533452135093078,375,1,2,0.0022589953,531,460,0.049006537,0.00015559909,Tier 2: Physiological Homeostasis Modifier,375.36153232242617
POLN,618,939,42.84593963623047,0.021250188,-0.12681897669601944,0.5504581621111199,0.8533452135093078,688,1,2,0.002768146,376,461,0.029602665,0.00044963602,Tier 2: Physiological Homeostasis Modifier,376.4245810055866
FTO,697,512,41.54286193847656,0.034652844,0.4561706917524585,0.3241336195532257,0.8533452135093078,377,1,2,0.002483464,431,462,0.00027352944,0.048732992,Tier 2: Physiological Homeostasis Modifier,377.3224261771748
LIF,695,235,33.68821716308594,0.03463522,0.45540408176733793,0.3244092796448079,0.8533452135093078,378,1,2,0.0020740319,663,463,5.9014186e-05,0.04892258,Tier 2: Physiological Homeostasis Modifier,378.4154030327215
ANKRD16,696,409,42.98153305053711,0.03460392,0.45404259217733156,0.32489908565494985,0.8533452135093078,379,1,2,0.0025063755,429,464,0.00028563663,0.0486517,Tier 2: Physiological Homeostasis Modifier,379.3224261771748
ANKRD29,709,305,36.15447235107422,0.0025250898,-0.9413246083621003,0.8267307321705106,0.8533452135093078,793,1,2,0.0027599912,379,465,0.0015189089,0.0020521043,Tier 2: Physiological Homeostasis Modifier,379.4676775738228
KDR,694,1396,41.72408676147461,0.033347346,0.399384048405039,0.34480512290199183,0.8533452135093078,415,1,2,0.0027492824,380,466,0.00041539222,0.04674488,Tier 2: Physiological Homeostasis Modifier,380.3172386272945
RAD54L2,703,1484,41.357608795166016,0.03455714,0.4520077524642164,0.325631698772766,0.8533452135093078,381,1,2,0.0020930786,647,467,0.04880217,6.90032e-05,Tier 2: Physiological Homeostasis Modifier,381.4102154828412
CACNA1S,594,1896,41.619815826416016,0.020570697,-0.15637552375682032,0.5621314854844549,0.8533452135093078,701,1,2,0.002743654,381,468,0.028652992,0.0004383698,Tier 2: Physiological Homeostasis Modifier,381.4317637669593
DKC1,675,573,41.49554061889648,0.029487502,0.23148828402648244,0.4084677431402245,0.8533452135093078,477,1,2,0.0027429136,382,469,0.00041742995,0.041284196,Tier 2: Physiological Homeostasis Modifier,382.34277733439745
COCH,701,551,41.585567474365234,0.03451498,0.4501738738343547,0.3262925365352059,0.8533452135093078,383,1,2,0.0026754893,398,470,0.00037495047,0.0484366,Tier 2: Physiological Homeostasis Modifier,383.31165203511574
EAPP,680,292,41.687686920166016,0.02873583,0.19879200277730294,0.4212127260020535,0.8533452135093078,504,1,2,0.002729637,384,471,0.040227048,0.00041154772,Tier 2: Physiological Homeostasis Modifier,384.3543495610535
E2F2,703,362,41.250091552734375,0.03447471,0.44842220655673287,0.32692425911624257,0.8533452135093078,384,1,2,0.002185303,580,472,0.048637357,0.00011724507,Tier 2: Physiological Homeostasis Modifier,384.3846767757382
RD3,691,217,37.0286750793457,0.030799728,0.28856758238864827,0.38645615304048136,0.8533452135093078,463,1,2,0.0027281304,385,473,0.04314984,0.00040755328,Tier 2: Physiological Homeostasis Modifier,385.3383878691141
TSTD1,667,75,36.43084716796875,0.004669178,-0.8480609098203864,0.8017979749803839,0.8533452135093078,783,1,2,0.002723503,386,474,0.0006961543,0.0059070606,Tier 2: Physiological Homeostasis Modifier,386.4664804469274
PTGR1,629,338,41.70916748046875,0.022927206,-0.053871930393993274,0.5214813997598567,0.8533452135093078,648,1,2,0.0027131124,387,475,0.032009274,0.00041469466,Tier 2: Physiological Homeostasis Modifier,387.4130087789306
PKD1L3,402,1841,41.634490966796875,0.034380604,0.44432877718430025,0.3284024492605101,0.8533452135093078,388,1,2,0.0024150314,456,476,0.048383735,0.00023778155,Tier 2: Physiological Homeostasis Modifier,388.3367916999202
APOBEC1,668,250,41.31917190551758,0.027383944,0.139987570960196,0.4443349053121769,0.8533452135093078,539,1,2,0.0027129329,388,477,0.0004049316,0.038321815,Tier 2: Physiological Homeostasis Modifier,388.36991221069434
RPL13A,704,207,28.885093688964844,0.034373116,0.4440030636363779,0.32852018446681885,0.8533452135093078,389,1,2,0.0023412397,491,478,0.048411902,0.00019902596,Tier 2: Physiological Homeostasis Modifier,389.3511572226656
IL12RB1,595,771,41.437286376953125,0.020191189,-0.17288338929433356,0.5686284557653352,0.8533452135093078,710,1,2,0.0027080548,389,479,0.028134631,0.00042002276,Tier 2: Physiological Homeostasis Modifier,389.43854748603354
NLRP12,457,935,41.99675369262695,0.018265676,-0.2566394884931216,0.6012714558579203,0.8533452135093078,744,1,2,0.0026957327,390,480,0.00042035244,0.025411215,Tier 2: Physiological Homeostasis Modifier,390.45251396648047
EFNB1,702,367,42.83203887939453,0.034358628,0.44337286359867784,0.3287480303018526,0.8533452135093078,391,1,2,0.0023252976,496,481,0.048399765,0.00019067188,Tier 2: Physiological Homeostasis Modifier,391.35395051875497
SH3BGRL2,584,154,37.12790298461914,0.019774891,-0.19099154882597894,0.5757338928290865,0.8533452135093078,717,1,2,0.002694965,391,482,0.027551688,0.0004142262,Tier 2: Physiological Homeostasis Modifier,391.44213886671986
KANK4,680,1176,42.33308410644531,0.028924827,0.20701300750709356,0.4179998500061519,0.8533452135093078,498,1,2,0.0026933632,392,483,0.04051405,0.0003918314,Tier 2: Physiological Homeostasis Modifier,392.35514764565045
FAM169A,704,684,41.841278076171875,0.034339372,0.442535264763369,0.3290509587281777,0.8533452135093078,392,1,2,0.0022199738,555,484,0.048427716,0.00013548625,Tier 2: Physiological Homeostasis Modifier,392.377893056664
CTSF,678,516,37.926231384277344,0.02854516,0.1904982257764554,0.424459366678246,0.8533452135093078,507,1,2,0.0026925723,393,485,0.039976932,0.00039202068,Tier 2: Physiological Homeostasis Modifier,393.3591380686353
GOLGA3,675,1556,41.773193359375,0.02760711,0.14969486124273204,0.4405026813154704,0.8533452135093078,534,1,2,0.002688779,394,486,0.03865078,0.00039157178,Tier 2: Physiological Homeostasis Modifier,394.3703112529928
OR1R1P,421,316,40.39961624145508,0.034203526,0.4366262259504611,0.33119121988608646,0.8533452135093078,395,1,2,0.001982748,766,487,1.1693686e-05,0.048359394,Tier 2: Physiological Homeostasis Modifier,395.46328810853953
RPL18A,696,181,34.33108901977539,0.031415973,0.3153730505162368,0.37623921307628166,0.8533452135093078,453,1,2,0.002683664,396,488,0.04404586,0.0003830297,Tier 2: Physiological Homeostasis Modifier,396.3387869114126
CYB5R2,685,297,40.802032470703125,0.03140312,0.3148139698229348,0.3764514521426086,0.8533452135093078,454,1,2,0.0026772043,397,489,0.00037961267,0.0440311,Tier 2: Physiological Homeostasis Modifier,397.3395849960096
ARHGAP18,692,685,42.07686996459961,0.032851003,0.37779408586278435,0.3527917837475226,0.8533452135093078,422,1,2,0.0026712292,400,490,0.00037460774,0.046083722,Tier 2: Physiological Homeostasis Modifier,400.32801276935356
SGSM1,562,1119,41.80613708496094,0.020467564,-0.16086161020685646,0.5638988004592566,0.8533452135093078,704,1,2,0.002668496,401,491,0.00039734505,0.028548166,Tier 2: Physiological Homeostasis Modifier,401.44094173982444
CACNG8,612,460,41.271785736083984,0.02056541,-0.15660549805274246,0.5622221154016549,0.8533452135093078,702,1,2,0.0026674487,402,492,0.00039646123,0.028687418,Tier 2: Physiological Homeostasis Modifier,402.4405426975259
AMOTL2,701,827,41.70619583129883,0.03394355,0.42531777171239377,0.33530251998745625,0.8533452135093078,403,1,2,0.0026099808,408,493,0.047662478,0.0003409509,Tier 2: Physiological Homeostasis Modifier,403.3236233040702
CD47,554,336,41.3597297668457,0.019749576,-0.19209270246722526,0.5761652044724073,0.8533452135093078,718,1,2,0.0026546242,403,494,0.027538061,0.000392057,Tier 2: Physiological Homeostasis Modifier,403.44732641660016
FCRLA,698,235,41.15603256225586,0.03391592,0.42411592003917076,0.3357406378318785,0.8533452135093078,404,1,2,0.002363706,479,495,0.00021121465,0.04775313,Tier 2: Physiological Homeostasis Modifier,404.35235434956104
MS4A7,549,209,41.78764724731445,0.017319802,-0.29778318192627673,0.6170656742799183,0.8533452135093078,770,1,2,0.0026443396,404,496,0.024098199,0.00039569475,Tier 2: Physiological Homeostasis Modifier,404.4684756584198
SHTN1,698,462,42.12728500366211,0.033818733,0.4198884731131656,0.337283464411012,0.8533452135093078,405,1,2,0.002007739,731,497,0.047801957,2.4952926e-05,Tier 2: Physiological Homeostasis Modifier,405.45331205107743
CD276,600,370,40.39283752441406,0.021940753,-0.0967807320083901,0.5385497371379039,0.8533452135093078,672,1,2,0.0026275464,406,498,0.00037065338,0.030658262,Tier 2: Physiological Homeostasis Modifier,406.4301675977654
CENPQ,702,272,42.24765396118164,0.002650415,-0.9358732040437145,0.8253307624409809,0.8533452135093078,791,1,2,0.0026123328,407,499,0.0010067001,0.002741553,Tier 2: Physiological Homeostasis Modifier,407.4780526735834
GPR33,667,346,41.972137451171875,0.02686802,0.11754587270989302,0.4532137474036777,0.8533452135093078,552,1,2,0.0026008578,409,500,0.00034570508,0.03765141,Tier 2: Physiological Homeostasis Modifier,409.38347964884275
TMED8,697,329,41.450340270996094,0.033650238,0.4125592658138642,0.3399647753383519,0.8533452135093078,409,1,2,0.0020120698,727,501,2.7317554e-05,0.047561303,Tier 2: Physiological Homeostasis Modifier,409.45331205107743
OR10P1,440,320,41.65620040893555,0.033631947,0.41176364261607495,0.3402563361548301,0.8533452135093078,410,1,2,0.0024320185,452,502,0.00024740398,0.04731535,Tier 2: Physiological Homeostasis Modifier,410.3439744612929
FYCO1,680,1475,42.08958435058594,0.029767685,0.24367570376439857,0.40374099591342594,0.8533452135093078,473,1,2,0.002600193,410,503,0.0003408678,0.041756988,Tier 2: Physiological Homeostasis Modifier,410.35235434956104
PACC1,700,407,40.453495025634766,0.03358004,0.4095057882982325,0.34108425992060915,0.8533452135093078,411,1,2,0.0023528258,483,504,0.047283553,0.00020579156,Tier 2: Physiological Homeostasis Modifier,411.3567438148444
RUSC1,643,1145,42.01933288574219,0.024991201,0.035907868530139185,0.4856779108676814,0.8533452135093078,596,1,2,0.002589369,411,505,0.00034298282,0.03499991,Tier 2: Physiological Homeostasis Modifier,411.401835594573
OR9Q2,382,340,41.10026931762695,0.033434868,0.40319108648480073,0.34340382821715165,0.8533452135093078,413,1,2,0.0021750298,586,506,0.00011263369,0.04717141,Tier 2: Physiological Homeostasis Modifier,413.39864325618515
DYNC1I1,694,629,41.7807502746582,0.03337862,0.4007444070452262,0.34430415633872946,0.8533452135093078,414,1,2,0.002435674,451,507,0.00024957024,0.04695492,Tier 2: Physiological Homeostasis Modifier,414.34517158818835
ANKUB1,624,561,42.101280212402344,0.021458201,-0.11777081266771242,0.5468753716568413,0.8533452135093078,687,1,2,0.0025752662,414,508,0.03000305,0.00034342892,Tier 2: Physiological Homeostasis Modifier,414.4393455706305
TRIM35,701,520,45.63031005859375,0.033312414,0.3978645738249078,0.3453650074500494,0.8533452135093078,416,1,2,0.0024673566,435,509,0.046844542,0.00026633067,Tier 2: Physiological Homeostasis Modifier,416.3395849960096
SMARCA2,626,1607,41.60303497314453,0.02356951,-0.025932946061102018,0.510344589139615,0.8533452135093078,626,1,2,0.0025663425,416,510,0.00033349963,0.03299882,Tier 2: Physiological Homeostasis Modifier,416.41580207501994
TMEM177,690,314,41.706295013427734,0.033227336,0.3941638450281486,0.3467300384390764,0.8533452135093078,417,1,2,0.002309174,500,511,0.00018316135,0.046807386,Tier 2: Physiological Homeostasis Modifier,417.3659217877095
PTGIS,678,509,34.062049865722656,0.02772492,0.15481936886569236,0.4384818605866953,0.8533452135093078,530,1,2,0.0025636,417,512,0.038884595,0.00032436196,Tier 2: Physiological Homeostasis Modifier,417.377893056664
ARHGAP4,640,818,40.3432731628418,0.025750035,0.06891568295643143,0.4725283675025095,0.8533452135093078,576,1,2,0.0025605909,418,513,0.00032606954,0.03608998,Tier 2: Physiological Homeostasis Modifier,418.3966480446927
TNFSF11,699,327,41.472267150878906,0.033182383,0.39220847628886557,0.34745209084578277,0.8533452135093078,418,1,2,0.0020441848,689,514,0.046882577,4.438567e-05,Tier 2: Physiological Homeostasis Modifier,418.4417398244214
PCOLCE2,692,434,41.715816497802734,0.03303958,0.3859968214031884,0.3497495114438585,0.8533452135093078,419,1,2,0.00211771,627,515,8.29231e-05,0.046642102,Tier 2: Physiological Homeostasis Modifier,419.41739824421387
MYH11,610,1983,41.76029586791992,0.021604694,-0.11139864990385252,0.5443498846903133,0.8533452135093078,683,1,2,0.002559234,419,516,0.03021934,0.00033430755,Tier 2: Physiological Homeostasis Modifier,419.43974461292896
ESR1,698,627,41.37654876708984,0.03294392,0.38183579603002504,0.35129158274504113,0.8533452135093078,420,1,2,0.002151463,600,517,0.046489067,0.00010066398,Tier 2: Physiological Homeostasis Modifier,420.4070231444533
KLK1,461,295,37.84816360473633,0.017473986,-0.29107647550629095,0.6145035844198092,0.8533452135093078,767,1,2,0.0025566788,420,518,0.024365762,0.0003461819,Tier 2: Physiological Homeostasis Modifier,420.4736632083001
CLEC1B,671,211,38.518409729003906,0.028936934,0.20753963864019928,0.41779421966734753,0.8533452135093078,496,1,2,0.002548644,422,519,0.00031458307,0.04060842,Tier 2: Physiological Homeostasis Modifier,422.36632083000796
MFSD10,698,466,36.05484390258789,0.03279777,0.3754785531041641,0.3536522968910814,0.8533452135093078,423,1,2,0.0023527993,484,520,0.046176568,0.00020648458,Tier 2: Physiological Homeostasis Modifier,423.3619313647247
CSTL1,696,164,33.59241485595703,0.032645326,0.3688475333259234,0.35612068617996306,0.8533452135093078,424,1,2,0.0019900969,756,521,0.046150967,1.650001e-05,Tier 2: Physiological Homeostasis Modifier,424.4708699122107
KEL,424,541,42.89362335205078,0.016114675,-0.3502038804929123,0.6369071526324446,0.8533452135093078,779,1,2,0.0025227752,424,522,0.022456517,0.00033307448,Tier 2: Physiological Homeostasis Modifier,424.4800478850758
APLF,658,571,44.51496887207031,0.02550622,0.05831020102712081,0.4767507710487976,0.8533452135093078,585,1,2,0.0025194709,425,523,0.035766818,0.00030442886,Tier 2: Physiological Homeostasis Modifier,425.4030327214685
MAU2,698,624,40.4428596496582,0.03261191,0.3673940018198641,0.3566625725535828,0.8533452135093078,426,1,2,0.0022480965,538,524,0.045968592,0.00015160837,Tier 2: Physiological Homeostasis Modifier,426.3846767757382
CD84,664,373,41.871299743652344,0.026351672,0.09508573127792352,0.46212336575607715,0.8533452135093078,565,1,2,0.0025172532,426,525,0.036965102,0.00030178344,Tier 2: Physiological Homeostasis Modifier,426.3954509177973
HCAR1,698,356,40.57793426513672,0.03256082,0.3651716854251857,0.35749162637784865,0.8533452135093078,427,1,2,0.002224237,552,526,0.04590883,0.00013912492,Tier 2: Physiological Homeostasis Modifier,427.3906624102155
TEX48,665,133,37.138885498046875,0.027022205,0.12425262262794876,0.45055762909201547,0.8533452135093078,550,1,2,0.0025097667,428,527,0.03791847,0.00029669376,Tier 2: Physiological Homeostasis Modifier,428.390263367917
BICRAL,697,1098,41.96049880981445,0.032519147,0.36335899035539854,0.35816836609607094,0.8533452135093078,429,1,2,0.0020186438,720,528,0.04595752,3.149314e-05,Tier 2: Physiological Homeostasis Modifier,429.4584996009577
DHX37,646,1013,45.78208923339844,0.02547749,0.05706050147693274,0.47724850019384596,0.8533452135093078,587,1,2,0.0024891524,430,529,0.00028821174,0.0357424,Tier 2: Physiological Homeostasis Modifier,430.40582601755784
RABGAP1,696,1104,41.58314895629883,0.032485466,0.36189393186079766,0.35871564735932104,0.8533452135093078,430,1,2,0.0021273135,619,530,0.04585302,8.83647e-05,Tier 2: Physiological Homeostasis Modifier,430.41859537110935
IRAG2,469,1499,41.6016731262207,0.032402076,0.3582666278061449,0.3600718949656322,0.8533452135093078,431,1,2,0.001975374,775,531,0.04581448,8.974224e-06,Tier 2: Physiological Homeostasis Modifier,431.4812450119713
PCMT1,692,296,41.05719757080078,0.032342095,0.3556575700713789,0.3610485120676176,0.8533452135093078,432,1,2,0.002090544,651,532,6.921962e-05,0.045669403,Tier 2: Physiological Homeostasis Modifier,432.43216280925776
INCENP,628,1169,41.83982849121094,0.022495456,-0.0726522221027881,0.5289585653722625,0.8533452135093078,660,1,2,0.0024807998,432,533,0.031523786,0.00028958218,Tier 2: Physiological Homeostasis Modifier,432.43575418994413
MSH6,690,1454,43.65570831298828,0.03229855,0.3537634466146112,0.3617580848106066,0.8533452135093078,433,1,2,0.0023256273,495,534,0.0001926478,0.0454844,Tier 2: Physiological Homeostasis Modifier,433.3703112529928
CCT8L2,541,579,39.62489318847656,0.01884908,-0.23126254048136072,0.5914445768641824,0.8533452135093078,729,1,2,0.0024799744,433,535,0.0002988577,0.026357764,Tier 2: Physiological Homeostasis Modifier,433.463687150838
OR10A5,363,324,41.6059684753418,0.017875828,-0.2735971240741067,0.6078028778221549,0.8533452135093078,754,1,2,0.0024746035,434,536,0.024981063,0.00029917248,Tier 2: Physiological Homeostasis Modifier,434.47406225059854
GNB4,696,340,41.81319808959961,0.032210436,0.34993065767742815,0.3631953691772912,0.8533452135093078,434,1,2,0.0019663377,789,537,0.04554806,4.3829205e-06,Tier 2: Physiological Homeostasis Modifier,434.4880287310455
PM20D1,644,512,41.72978210449219,0.023669235,-0.02159510103351752,0.5086145292846321,0.8533452135093078,624,1,2,0.0024645212,436,538,0.03319503,0.00027832668,Tier 2: Physiological Homeostasis Modifier,436.42298483639263
EXOC3,697,759,43.210838317871094,0.032202847,0.34960055082443897,0.3633192487459088,0.8533452135093078,436,1,2,0.0020378483,694,539,0.045499943,4.1751424e-05,Tier 2: Physiological Homeostasis Modifier,436.45091779728654
CCDC124,699,234,34.965049743652344,0.032190815,0.3490771820465808,0.3635156832318319,0.8533452135093078,437,1,2,0.002342666,489,540,0.045322977,0.00020172005,Tier 2: Physiological Homeostasis Modifier,437.3695131683958
PPP2R1B,697,679,41.8437385559082,0.03212283,0.3461199657597889,0.36462627960519134,0.8533452135093078,438,1,2,0.002160833,597,541,0.045322325,0.000106217834,Tier 2: Physiological Homeostasis Modifier,438.4130087789306
SPATA1,557,472,42.63251495361328,0.01940163,-0.20722768192040045,0.5820839752685956,0.8533452135093078,723,1,2,0.0024602371,438,542,0.0002863258,0.027151722,Tier 2: Physiological Homeostasis Modifier,438.46328810853953
TMEM221,619,311,41.6795654296875,0.022357121,-0.07866952761184691,0.5313522581098842,0.8533452135093078,662,1,2,0.0024600502,439,543,0.03133908,0.00027865916,Tier 2: Physiological Homeostasis Modifier,439.4393455706305
IFNGR2,676,410,41.53279113769531,0.029325133,0.2244255459038066,0.4112130974225207,0.8533452135093078,486,1,2,0.0024589656,440,544,0.00026637316,0.04120563,Tier 2: Physiological Homeostasis Modifier,440.3695131683958
SLC4A8,693,1048,41.689998626708984,0.03192346,0.3374477555502176,0.3678896948886535,0.8533452135093078,440,1,2,0.0022777924,521,545,0.044978768,0.00016782316,Tier 2: Physiological Homeostasis Modifier,440.38347964884275
SUGP1,695,688,41.6131706237793,0.031921715,0.33737185141812315,0.3679183007003415,0.8533452135093078,441,1,2,0.0020981156,641,546,0.04507062,7.350207e-05,Tier 2: Physiological Homeostasis Modifier,441.4317637669593
GTPBP3,694,520,41.09697723388672,0.031891093,0.3360398535195551,0.36842040670354215,0.8533452135093078,442,1,2,0.0022294438,550,547,0.044958383,0.00014243159,Tier 2: Physiological Homeostasis Modifier,442.39584996009575
SMIM35,703,85,34.72523880004883,0.0026226647,-0.9370802885347547,0.8256413700259106,0.8533452135093078,792,1,2,0.0024487106,442,548,0.00077824295,0.0029307622,Tier 2: Physiological Homeostasis Modifier,442.4924181963288
C11orf68,689,302,41.64215850830078,0.031832736,0.3335014366504175,0.36937790258703695,0.8533452135093078,444,1,2,0.0022951432,506,549,0.00017703697,0.04484125,Tier 2: Physiological Homeostasis Modifier,444.37909018355947
SGCG,693,320,40.939414978027344,0.03150118,0.3190793905640219,0.3748331557091851,0.8533452135093078,450,1,2,0.0024469658,445,550,0.044291943,0.00025745062,Tier 2: Physiological Homeostasis Modifier,445.35714285714283
SLCO1C1,697,717,41.936580657958984,0.031720705,0.32862830437380375,0.3712183257403737,0.8533452135093078,445,1,2,0.0022795387,519,551,0.04469092,0.00016892841,Tier 2: Physiological Homeostasis Modifier,445.3846767757382
PKNOX2,695,481,41.75764465332031,0.0316861,0.32712305366255223,0.3717874079479341,0.8533452135093078,446,1,2,0.002185668,579,552,0.044691302,0.00011961255,Tier 2: Physiological Homeostasis Modifier,446.4090183559457
MTFR1,687,391,44.42739486694336,0.030012002,0.2543030217248332,0.3996307327629655,0.8533452135093078,470,1,2,0.0024430451,447,553,0.042186305,0.00025707902,Tier 2: Physiological Homeostasis Modifier,447.3659217877095
IL18RAP,691,630,41.54677963256836,0.0307494,0.2863784115232859,0.3872941538549943,0.8533452135093078,465,1,2,0.0024402991,448,554,0.043231443,0.00025476282,Tier 2: Physiological Homeostasis Modifier,448.3643256185156
TMEM38B,692,308,41.434593200683594,0.031558536,0.32157426586512133,0.37388762097566247,0.8533452135093078,448,1,2,0.0021224662,621,555,0.044543955,8.655107e-05,Tier 2: Physiological Homeostasis Modifier,448.426576217079
KLK2,393,287,37.51679611206055,0.01751741,-0.28918761531598935,0.6137810956466538,0.8533452135093078,766,1,2,0.002439938,449,556,0.024492066,0.00028128736,Tier 2: Physiological Homeostasis Modifier,449.4848363926576
IGHM,549,498,41.353065490722656,0.020211983,-0.17197889042741357,0.568272937638781,0.8533452135093078,709,1,2,0.002439286,450,557,0.00027259532,0.028311463,Tier 2: Physiological Homeostasis Modifier,450.46249002394256
EMX2,693,255,39.028228759765625,0.031496454,0.3188738186853521,0.3749110992068586,0.8533452135093078,451,1,2,0.0022935558,508,558,0.0443662,0.00017651811,Tier 2: Physiological Homeostasis Modifier,451.3826815642458
CIMIP2B,684,290,41.13909149169922,0.03147317,0.31786100962421127,0.3752951848363374,0.8533452135093078,452,1,2,0.0022060242,560,559,0.044379298,0.0001304904,Tier 2: Physiological Homeostasis Modifier,452.40383080606546
LGALS4,635,341,36.0109977722168,0.023791596,-0.01627263369413158,0.5064915551003514,0.8533452135093078,620,1,2,0.0024280066,453,560,0.033387963,0.0002584299,Tier 2: Physiological Homeostasis Modifier,453.42817238627293
PNLIPRP1,549,469,41.32077407836914,0.019343799,-0.20974321880473476,0.5830659540059524,0.8533452135093078,724,1,2,0.0024224266,455,561,0.027090471,0.000265792,Tier 2: Physiological Homeostasis Modifier,455.4704708699122
PDK3,693,421,37.73635482788086,0.031260815,0.3086239769761019,0.3788037898371289,0.8533452135093078,456,1,2,0.0019972913,747,562,0.044188246,2.1214131e-05,Tier 2: Physiological Homeostasis Modifier,456.4800478850758
FSHR,694,698,41.67200469970703,0.03125895,0.30854285307561125,0.3788346487996102,0.8533452135093078,457,1,2,0.0021343727,610,563,0.044113785,9.3042734e-05,Tier 2: Physiological Homeostasis Modifier,457.42577813248204
FAM89A,633,200,29.6145076751709,0.023649827,-0.022439311575461536,0.5089512389322445,0.8533452135093078,625,1,2,0.002409285,457,564,0.03319728,0.0002486268,Tier 2: Physiological Homeostasis Modifier,457.4317637669593
CAMTA2,693,1284,41.78316879272461,0.03111621,0.3023339385683422,0.3811987544423562,0.8533452135093078,458,1,2,0.0021082188,635,565,0.04392553,7.943669e-05,Tier 2: Physiological Homeostasis Modifier,458.43615323224265
H2BC15,155,136,30.580291748046875,0.02272212,-0.06279277557150321,0.525034240611731,0.8533452135093078,655,1,2,0.002405902,458,566,0.00024862587,0.031885304,Tier 2: Physiological Homeostasis Modifier,458.4441340782123
GASK1A,689,541,41.62094497680664,0.030994555,0.2970421808663539,0.38321715298786374,0.8533452135093078,459,1,2,0.002277593,522,567,0.043664318,0.00016859174,Tier 2: Physiological Homeostasis Modifier,459.39146049481246
KLK8,638,313,34.44091033935547,0.023268363,-0.039032259337832595,0.5155676655145808,0.8533452135093078,638,1,2,0.0024041997,459,568,0.032659814,0.00024662074,Tier 2: Physiological Homeostasis Modifier,459.4377494014366
LCK,690,521,41.57567596435547,0.030971374,0.29603385210641975,0.3836021145831197,0.8533452135093078,460,1,2,0.0020548292,679,569,0.04374858,5.1558018e-05,Tier 2: Physiological Homeostasis Modifier,460.45450917797285
SBNO1,684,1395,41.94255828857422,0.030950593,0.29512991871440936,0.383947317630316,0.8533452135093078,461,1,2,0.002389675,468,570,0.0002277717,0.043542974,Tier 2: Physiological Homeostasis Modifier,461.3707102952913
ATP6V1G3,683,119,41.939117431640625,0.004918557,-0.8372134046297725,0.7987636879745313,0.8533452135093078,782,1,2,0.0024026232,461,571,0.006526416,0.00042947382,Tier 2: Physiological Homeostasis Modifier,461.4960095770152
OR5D3P,143,333,41.492523193359375,0.023708653,-0.019880494111508797,0.507930647242612,0.8533452135093078,622,1,2,0.0024009643,462,572,0.0002440419,0.033285055,Tier 2: Physiological Homeostasis Modifier,462.4325618515563
RFX4,667,736,41.759765625,0.026667837,0.10883829856943747,0.45666537318732453,0.8533452135093078,557,1,2,0.0023981978,463,573,0.037476346,0.00023767026,Tier 2: Physiological Homeostasis Modifier,463.4070231444533
CAPNS1,666,267,41.23888397216797,0.027576791,0.14837604325936443,0.44102300274805184,0.8533452135093078,535,1,2,0.0023957689,464,574,0.00023509096,0.038764384,Tier 2: Physiological Homeostasis Modifier,464.39864325618515
ENTREP2,652,608,40.830284118652344,0.024999777,0.03628090797818694,0.48552918657138816,0.8533452135093078,595,1,2,0.0023920834,465,575,0.03511802,0.00023700483,Tier 2: Physiological Homeostasis Modifier,465.42298483639263
CDH7,692,786,42.07068634033203,0.03059805,0.2797949786335903,0.38981740218729377,0.8533452135093078,466,1,2,0.0021298325,614,576,0.043180965,9.121839e-05,Tier 2: Physiological Homeostasis Modifier,466.43096568236234
GLIS2,692,536,39.47868728637695,0.030568972,0.27853014175505325,0.3903027151568605,0.8533452135093078,467,1,2,0.00195692,799,577,0.04323047,5.948823e-07,Tier 2: Physiological Homeostasis Modifier,467.5051875498803
TGFBR3,689,885,41.77286529541016,0.030492693,0.27521215247594466,0.3915766255094991,0.8533452135093078,468,1,2,0.0023238405,498,578,0.0429297,0.00019348739,Tier 2: Physiological Homeostasis Modifier,468.3854748603352
CCDC83,668,441,39.7713508605957,0.026535826,0.10309607485485785,0.4589433601185173,0.8533452135093078,561,1,2,0.0023852878,469,579,0.037296347,0.00023097964,Tier 2: Physiological Homeostasis Modifier,469.41101356743815
SHISA4,682,204,35.84757614135742,0.030373974,0.2700481051073832,0.393561622683509,0.8533452135093078,469,1,2,0.0019620287,793,580,3.4105033e-06,0.042951874,Tier 2: Physiological Homeostasis Modifier,469.5035913806864
USHBP1,679,740,40.75983428955078,0.029415915,0.22837438769166493,0.40967759951902033,0.8533452135093078,484,1,2,0.0023850533,470,581,0.04137332,0.00022706017,Tier 2: Physiological Homeostasis Modifier,470.3806863527534
ISYNA1,688,575,32.29948043823242,0.029952718,0.25172428214483505,0.40062709339965796,0.8533452135093078,471,1,2,0.0021937208,570,582,0.042234126,0.00012541236,Tier 2: Physiological Homeostasis Modifier,471.4154030327215
CDHR3,643,898,41.68702697753906,0.023144845,-0.04440505394417173,0.5177092334202442,0.8533452135093078,644,1,2,0.002381968,471,583,0.03249686,0.00023489073,Tier 2: Physiological Homeostasis Modifier,471.44493216280927
TMEM106C,690,258,41.3141975402832,0.029907484,0.24975669044789103,0.40138775722384185,0.8533452135093078,472,1,2,0.002262578,529,584,0.04213381,0.00016175897,Tier 2: Physiological Homeostasis Modifier,472.3994413407821
ADAM29,602,931,41.325233459472656,0.020589454,-0.15555963045842566,0.561809926149967,0.8533452135093078,700,1,2,0.0023798558,472,585,0.028878596,0.00023928285,Tier 2: Physiological Homeostasis Modifier,472.4676775738228
CCDC171,626,1344,43.84673309326172,0.022285676,-0.08177724722072902,0.5325880752256921,0.8533452135093078,664,1,2,0.0023796028,473,586,0.031281374,0.00023533218,Tier 2: Physiological Homeostasis Modifier,473.4537110933759
FBN1,684,2924,41.644412994384766,0.029653339,0.23870187345580834,0.4056683819682996,0.8533452135093078,475,1,2,0.0023752158,474,587,0.041714583,0.00022157165,Tier 2: Physiological Homeostasis Modifier,474.37869114126096
DNAJC6,679,935,41.962528228759766,0.029685343,0.24009398568707238,0.40512869829923404,0.8533452135093078,474,1,2,0.0020831136,654,588,6.746501e-05,0.04191394,Tier 2: Physiological Homeostasis Modifier,474.45011971268957
LMAN1L,572,560,36.913719177246094,0.020031001,-0.17985125812640865,0.571365329251268,0.8533452135093078,713,1,2,0.0023712725,475,589,0.00023600925,0.028092105,Tier 2: Physiological Homeostasis Modifier,475.47406225059854
GLS,687,706,41.27410507202149,0.029638657,0.23806323479253433,0.4059160247105102,0.8533452135093078,476,1,2,0.002031052,704,590,0.041875236,4.016282e-05,Tier 2: Physiological Homeostasis Modifier,476.4708699122107
SMKR1,706,71,39.36772155761719,0.0019657712,-0.9656538879594477,0.8328912996659491,0.8533452135093078,800,1,2,0.002368889,476,591,0.0016146824,0.0011653365,Tier 2: Physiological Homeostasis Modifier,476.50917797286513
C6orf52,603,166,39.921051025390625,0.0019453107,-0.9665438802200332,0.8331139495930591,0.8533452135093078,801,1,2,0.002367308,477,592,0.0012356818,0.0015154025,Tier 2: Physiological Homeostasis Modifier,477.5099760574621
MFSD9,626,517,39.85475158691406,0.023217548,-0.04124261376326953,0.5164487591574046,0.8533452135093078,641,1,2,0.0023654222,478,593,0.00022584945,0.03260872,Tier 2: Physiological Homeostasis Modifier,478.4465283320032
USP13,678,893,41.41040802001953,0.029467974,0.23063885371614243,0.4087976901791782,0.8533452135093078,478,1,2,0.0019872014,759,594,1.7296523e-05,0.04165671,Tier 2: Physiological Homeostasis Modifier,478.4936153232243
PDGFRL,677,375,41.678741455078125,0.029462954,0.2304204934049017,0.40888251905503264,0.8533452135093078,479,1,2,0.0022894184,512,595,0.00017640181,0.041490506,Tier 2: Physiological Homeostasis Modifier,479.3954509177973
BCAR3,684,863,41.66864776611328,0.02945553,0.2300975637334574,0.409007978984015,0.8533452135093078,480,1,2,0.002015992,721,596,0.041623995,3.2410957e-05,Tier 2: Physiological Homeostasis Modifier,480.47924980047884
FASTKD3,698,709,40.406002044677734,0.003390099,-0.9036983776573144,0.816922320193253,0.8533452135093078,786,1,2,0.0023592373,480,597,0.0042749234,0.0005193979,Tier 2: Physiological Homeostasis Modifier,480.5051875498803
LCOR,688,1774,42.10954284667969,0.029450674,0.22988633710569154,0.4090900467186751,0.8533452135093078,481,1,2,0.0020054735,736,598,0.04162265,2.6895432e-05,Tier 2: Physiological Homeostasis Modifier,481.48563447725456
SLC2A8,684,480,40.21044921875,0.029426528,0.22883603270823802,0.4094981798608999,0.8533452135093078,483,1,2,0.002030673,705,599,0.04157525,4.0141866e-05,Tier 2: Physiological Homeostasis Modifier,483.47406225059854
ENSG00000257062,606,110,35.03453063964844,0.021843448,-0.10101331170665129,0.540230053492674,0.8533452135093078,674,1,2,0.0023526875,485,600,0.030669574,0.00022172369,Tier 2: Physiological Homeostasis Modifier,485.46249002394256
AFG2B,679,777,41.1257209777832,0.029364226,0.2261260159530757,0.41055170538934144,0.8533452135093078,485,1,2,0.002019784,717,601,3.447756e-05,0.04149281,Tier 2: Physiological Homeostasis Modifier,485.47964884277735
DEFB128,679,108,33.043949127197266,0.028584907,0.19222714356348367,0.42378214243870754,0.8533452135093078,506,1,2,0.0023479257,487,602,0.04021679,0.00020838063,Tier 2: Physiological Homeostasis Modifier,487.39624900239426
RASA2,679,865,41.8629150390625,0.029294409,0.2230891112021019,0.4117330764098426,0.8533452135093078,487,1,2,0.002111057,632,603,8.2511455e-05,0.041346036,Tier 2: Physiological Homeostasis Modifier,487.4465283320032
PIGG,673,1003,42.053768157958984,0.02927022,0.2220369363876397,0.4121425649123964,0.8533452135093078,488,1,2,0.0022334496,544,604,0.00014704466,0.041247297,Tier 2: Physiological Homeostasis Modifier,488.4118116520351
P3H3,648,825,41.43119430541992,0.025867948,0.07404467088059853,0.4704874202849456,0.8533452135093078,575,1,2,0.002345545,488,605,0.00021076761,0.036372036,Tier 2: Physiological Homeostasis Modifier,488.4241819632881
GSTO1,676,209,41.547142028808594,0.029233046,0.22041993913463967,0.41277205903264935,0.8533452135093078,489,1,2,0.0020951414,643,606,7.419381e-05,0.041267574,Tier 2: Physiological Homeostasis Modifier,489.4517158818835
C9orf43,673,534,41.55509948730469,0.029206557,0.2192677187592506,0.41322075336454883,0.8533452135093078,490,1,2,0.0019855648,761,607,1.6650185e-05,0.041287657,Tier 2: Physiological Homeostasis Modifier,490.49920191540303
HPF1,685,370,41.45153045654297,0.029173855,0.21784524487514859,0.4137748453575538,0.8533452135093078,491,1,2,0.002014933,723,608,0.04122597,3.2091048e-05,Tier 2: Physiological Homeostasis Modifier,491.48443735035914
HHLA2,469,466,42.61268997192383,0.017593658,-0.2858709744770497,0.6125115272800886,0.8533452135093078,763,1,2,0.0023345219,492,609,0.024658294,0.00022289343,Tier 2: Physiological Homeostasis Modifier,492.50079808459697
PROS1,683,690,41.07999801635742,0.029112969,0.2151968213870613,0.4148069345211489,0.8533452135093078,493,1,2,0.0022795093,520,610,0.041000407,0.00017154659,Tier 2: Physiological Homeostasis Modifier,493.4042298483639
IL9R,617,564,41.54542922973633,0.02338634,-0.03390048753718763,0.5135217477927551,0.8533452135093078,632,1,2,0.0023290955,494,611,0.0002060174,0.03286726,Tier 2: Physiological Homeostasis Modifier,494.4493216280926
CNOT6L,686,562,38.6204948425293,0.0290876,0.2140933188500367,0.41523714289862823,0.8533452135093078,494,1,2,0.001982269,768,612,0.04112106,1.5018508e-05,Tier 2: Physiological Homeostasis Modifier,494.5035913806864
PON3,677,358,43.37223815917969,0.029077902,0.21367147456748445,0.41540162880108084,0.8533452135093078,495,1,2,0.002139758,606,613,9.7827986e-05,0.04102453,Tier 2: Physiological Homeostasis Modifier,495.4393455706305
ALS2CL,682,1008,42.996341705322266,0.028895603,0.20574181991034118,0.41849629487708856,0.8533452135093078,499,1,2,0.0022677588,525,614,0.040698983,0.00016557355,Tier 2: Physiological Homeostasis Modifier,499.40861931364725
BPIFC,680,534,41.74276351928711,0.028775988,0.20053879827108814,0.4205296087953562,0.8533452135093078,501,1,2,0.002120655,624,615,0.040607333,8.805562e-05,Tier 2: Physiological Homeostasis Modifier,501.4489225857941
INO80,680,1583,42.20463562011719,0.028769871,0.2002727205770923,0.42063364808143655,0.8533452135093078,502,1,2,0.002201137,562,616,0.040556237,0.00013050856,Tier 2: Physiological Homeostasis Modifier,502.4245810055866
DNPH1,617,191,41.47273254394531,0.022147227,-0.08779951150976431,0.5349819869870707,0.8533452135093078,668,1,2,0.002304794,503,617,0.00019527337,0.031125639,Tier 2: Physiological Homeostasis Modifier,503.46727853152436
LCN12,551,215,40.38411331176758,0.018098366,-0.2639171505795107,0.6040781201016108,0.8533452135093078,749,1,2,0.0022941802,507,618,0.00019920431,0.025395745,Tier 2: Physiological Homeostasis Modifier,507.5011971268955
GAPVD1,680,1479,41.788787841796875,0.028536286,0.19011222390355711,0.4246105957385465,0.8533452135093078,508,1,2,0.0019777275,772,619,0.040343307,1.3095327e-05,Tier 2: Physiological Homeostasis Modifier,508.51077414205906
ASB18,515,470,36.72511291503906,0.018183026,-0.26023460397599807,0.6026585932932826,0.8533452135093078,747,1,2,0.0022930345,509,620,0.00019833073,0.02551635,Tier 2: Physiological Homeostasis Modifier,509.5011971268955
NANP,680,250,41.60322570800781,0.028532522,0.1899484971681966,0.4246747444809611,0.8533452135093078,509,1,2,0.0019712928,778,621,0.040341355,9.719748e-06,Tier 2: Physiological Homeostasis Modifier,509.51356743814847
TAMM41,673,348,41.791358947753906,0.028523881,0.18957263034560087,0.4248220180411132,0.8533452135093078,510,1,2,0.0022006067,565,622,0.00013048854,0.040208373,Tier 2: Physiological Homeostasis Modifier,510.4289704708699
DNAAF3,626,605,41.16170501708984,0.023691792,-0.020613915069243573,0.5082231798975064,0.8533452135093078,623,1,2,0.002289944,510,623,0.00018448755,0.03332077,Tier 2: Physiological Homeostasis Modifier,510.45211492418196
SOX5,673,760,41.571781158447266,0.028507877,0.1888764872338289,0.4250948111704839,0.8533452135093078,511,1,2,0.0020012124,739,624,0.040290773,2.5456306e-05,Tier 2: Physiological Homeostasis Modifier,511.4988028731045
SPMIP8,708,217,34.08709716796875,0.0018575354,-0.9703619363609182,0.8340669426515056,0.8533452135093078,804,1,2,0.0022894281,511,625,0.0015493389,0.0010776107,Tier 2: Physiological Homeostasis Modifier,511.524740622506
C17orf78,539,303,40.96426010131836,0.01854584,-0.24445289521853494,0.5965599602066729,0.8533452135093078,738,1,2,0.0022868714,513,626,0.026033837,0.00019393489,Tier 2: Physiological Homeostasis Modifier,513.499201915403
ANKRD27,676,1097,41.80891036987305,0.028422736,0.18517301805866151,0.42654666578191525,0.8533452135093078,513,1,2,0.0019605486,795,627,0.040191647,4.171394e-06,Tier 2: Physiological Homeostasis Modifier,513.5219473264166
FBXL16,672,482,41.1763801574707,0.028419316,0.18502425465937006,0.42660500577424426,0.8533452135093078,514,1,2,0.0020147546,724,628,3.265217e-05,0.04015833,Tier 2: Physiological Homeostasis Modifier,514.4940143655227
SRRM1,699,963,41.68735122680664,0.0020320397,-0.9627713361097563,0.8321688558153104,0.8533452135093078,798,1,2,0.0022858607,514,629,0.0020434856,0.00083025056,Tier 2: Physiological Homeostasis Modifier,514.5235434956105
TMC8,654,778,36.3663444519043,0.02619639,0.08833126397711268,0.46480669550212217,0.8533452135093078,568,1,2,0.0022851678,516,630,0.00017813034,0.036869157,Tier 2: Physiological Homeostasis Modifier,516.4325618515562
ITGA5,677,1086,41.767574310302734,0.028407369,0.18450458321745922,0.426808815996963,0.8533452135093078,516,1,2,0.0019527188,802,631,0.04017401,7.4040145e-08,Tier 2: Physiological Homeostasis Modifier,516.5259377494015
CIC,668,2565,41.28092956542969,0.027332297,0.13774102614054537,0.4452225471208847,0.8533452135093078,541,1,2,0.002281458,517,632,0.038479034,0.00017467048,Tier 2: Physiological Homeostasis Modifier,517.4221867517957
PHF23,673,416,41.61978530883789,0.02837534,0.18311138353444595,0.4273553120100563,0.8533452135093078,518,1,2,0.0022132117,557,633,0.00013730861,0.03999148,Tier 2: Physiological Homeostasis Modifier,518.4289704708699
GABBR2,638,960,40.834754943847656,0.024364887,0.008664418336040225,0.49654344043927906,0.8533452135093078,610,1,2,0.0022799324,518,634,0.00017803162,0.034279123,Tier 2: Physiological Homeostasis Modifier,518.4501197126896
ARHGAP15,679,489,42.57215881347656,0.02835361,0.18216617047403583,0.4277261604020647,0.8533452135093078,519,1,2,0.0020045722,737,635,0.040070705,2.73576e-05,Tier 2: Physiological Homeostasis Modifier,519.5011971268955
KCTD7,679,292,37.16211700439453,0.028338948,0.18152840177216117,0.42797642103687544,0.8533452135093078,520,1,2,0.0022061463,559,636,0.039943706,0.00013361406,Tier 2: Physiological Homeostasis Modifier,520.4305666400638
SOAT1,674,558,47.1002311706543,0.028284658,0.17916689155358456,0.4289033298765413,0.8533452135093078,521,1,2,0.0020960358,642,637,0.039924994,7.5560994e-05,Tier 2: Physiological Homeostasis Modifier,521.4640861931365
UNC13D,678,1116,41.54497528076172,0.028257472,0.17798435302342744,0.42936763200879785,0.8533452135093078,522,1,2,0.0020237535,711,638,0.03992457,3.752997e-05,Tier 2: Physiological Homeostasis Modifier,522.4920191540303
ITGA1,677,1217,41.73948287963867,0.028126318,0.17227940715481077,0.43160893650208815,0.8533452135093078,523,1,2,0.00198211,769,639,0.039760858,1.5751924e-05,Tier 2: Physiological Homeostasis Modifier,523.5155626496409
H4C6,304,106,41.185935974121094,0.01717035,-0.3042840554791726,0.619544254257031,0.8533452135093078,774,1,2,0.0022760837,523,640,0.024090428,0.00019211322,Tier 2: Physiological Homeostasis Modifier,523.5175578611332
OLFML2B,678,791,41.33814239501953,0.027882636,0.16167971046880592,0.43577904150305935,0.8533452135093078,526,1,2,0.0021115942,630,641,0.03934784,8.416688e-05,Tier 2: Physiological Homeostasis Modifier,526.4612928970471
RPS11,638,164,25.425865173339844,0.022924792,-0.05397693473489661,0.5215232295695268,0.8533452135093078,649,1,2,0.0022667248,526,642,0.032247186,0.00017336104,Tier 2: Physiological Homeostasis Modifier,526.4688747007183
CBR1,455,285,41.39995574951172,0.016589113,-0.3295667431733124,0.6291363225215918,0.8533452135093078,778,1,2,0.0022663956,527,643,0.023271851,0.00018869527,Tier 2: Physiological Homeostasis Modifier,527.5207501995211
GMIP,675,1031,41.25379943847656,0.02779928,0.1580538853485319,0.43720716896396905,0.8533452135093078,528,1,2,0.002230129,548,644,0.039167218,0.0001469031,Tier 2: Physiological Homeostasis Modifier,528.4293695131684
KCNH4,699,1055,41.85744857788086,0.0020856953,-0.9604374210667677,0.8315824439575349,0.8533452135093078,797,1,2,0.0022639555,528,645,0.0021971837,0.00075243565,Tier 2: Physiological Homeostasis Modifier,528.5287310454909
PWWP2A,676,557,41.97193145751953,0.027768517,0.15671575422209844,0.43773443521492494,0.8533452135093078,529,1,2,0.002030007,708,646,0.039229337,4.1275285e-05,Tier 2: Physiological Homeostasis Modifier,529.4936153232243
TMIGD2,444,325,39.30259704589844,0.019606892,-0.19829918108257605,0.5785945038153415,0.8533452135093078,721,1,2,0.0022609092,530,647,0.00017705886,0.027551275,Tier 2: Physiological Homeostasis Modifier,530.499201915403
HECW2,653,1392,41.78424072265625,0.025898244,0.0753624884083568,0.46996315210793144,0.8533452135093078,574,1,2,0.002255983,532,648,0.00016300939,0.03646264,Tier 2: Physiological Homeostasis Modifier,532.4413407821229
TMEM202,676,303,41.922271728515625,0.02674559,0.11222040400367934,0.45532432565062414,0.8533452135093078,554,1,2,0.0022555033,533,649,0.03766234,0.00016163569,Tier 2: Physiological Homeostasis Modifier,533.4337589784517
ELP5,719,310,41.16136169433594,0.0017860492,-0.9734714480902829,0.8348404780312776,0.8533452135093078,806,1,2,0.0022548307,534,650,0.0011275671,0.0013982876,Tier 2: Physiological Homeostasis Modifier,534.534716679968
CNPY4,725,255,37.14865493774414,0.0024030372,-0.946633660896708,0.8280872573628636,0.8533452135093078,794,1,2,0.0022534067,535,651,0.0027961545,0.0006022544,Tier 2: Physiological Homeostasis Modifier,535.5303272146848
GTF2IRD1,640,996,41.63252258300781,0.024101462,-0.0027940607453477415,0.5011146675150024,0.8533452135093078,615,1,2,0.002252318,536,652,0.03392093,0.00016368646,Tier 2: Physiological Homeostasis Modifier,536.4592976855547
ABCA4,646,2312,41.54099655151367,0.02477042,0.026304321144477474,0.4895073041651428,0.8533452135093078,600,1,2,0.0022514495,537,653,0.034868468,0.00016220007,Tier 2: Physiological Homeostasis Modifier,537.4537110933759
CAPN1,671,801,34.646759033203125,0.027471922,0.14381444415986328,0.44282349832933626,0.8533452135093078,537,1,2,0.002039898,692,654,0.038804397,4.6771485e-05,Tier 2: Physiological Homeostasis Modifier,537.4904229848364
KIF21A,664,1673,43.4737434387207,0.027389526,0.14023037718675885,0.44423898575388376,0.8533452135093078,538,1,2,0.0021676177,590,655,0.000114290044,0.03862035,Tier 2: Physiological Homeostasis Modifier,538.4501197126896
DOK6,676,422,34.84636688232422,0.027368706,0.13932474737001968,0.44459676751030863,0.8533452135093078,540,1,2,0.0021020328,637,656,0.038625542,7.965276e-05,Tier 2: Physiological Homeostasis Modifier,540.4696727853152
OR2T6,332,315,41.76472091674805,0.017043382,-0.3098069184269023,0.621646104922594,0.8533452135093078,775,1,2,0.0022472565,541,657,0.00017667003,0.023926312,Tier 2: Physiological Homeostasis Modifier,541.5251396648044
ANKRD60,528,378,33.52543640136719,0.019672371,-0.19545097095912453,0.5774800415512367,0.8533452135093078,719,1,2,0.002244079,543,658,0.00016776845,0.027653163,Tier 2: Physiological Homeostasis Modifier,543.5035913806863
RPS6KC1,672,1121,43.07135391235352,0.027296158,0.13616904938996263,0.44584382112044846,0.8533452135093078,544,1,2,0.0020949487,644,659,0.038526606,7.598847e-05,Tier 2: Physiological Homeostasis Modifier,544.4740622505985
ARRDC2,678,453,39.35266876220703,0.027290005,0.13590140576544787,0.4459496120737919,0.8533452135093078,545,1,2,0.0020530673,680,660,0.03854,5.3894706e-05,Tier 2: Physiological Homeostasis Modifier,545.4888268156425
OGFOD3,656,365,39.416622161865234,0.025280688,0.04849999431103988,0.4806588844885619,0.8533452135093078,591,1,2,0.0022314698,546,661,0.035601474,0.00015081558,Tier 2: Physiological Homeostasis Modifier,546.4537110933759
PEPD,671,496,41.47309494018555,0.027247118,0.13403590403871932,0.44668709163469644,0.8533452135093078,546,1,2,0.0020361121,697,662,0.038488247,4.4997316e-05,Tier 2: Physiological Homeostasis Modifier,546.4960095770151
LGALS3BP,627,619,45.39575958251953,0.022261407,-0.08283290188078865,0.5330077964513018,0.8533452135093078,665,1,2,0.0022308517,547,663,0.0313271,0.00015528826,Tier 2: Physiological Homeostasis Modifier,547.4836392657621
GBA1,673,549,40.23466491699219,0.02717774,0.13101809494046152,0.44788049655037987,0.8533452135093078,547,1,2,0.0020138675,725,664,0.038401783,3.3341348e-05,Tier 2: Physiological Homeostasis Modifier,547.5075818036712
POLR3B,671,1138,41.6632080078125,0.027132787,0.12906272620117845,0.4486540077306704,0.8533452135093078,548,1,2,0.0020211276,715,665,0.038334347,3.721146e-05,Tier 2: Physiological Homeostasis Modifier,548.5039904229849
EIF4E3,660,261,36.47322463989258,0.027097961,0.12754786241646401,0.44925339687948124,0.8533452135093078,549,1,2,0.0022002778,566,666,0.00013191346,0.03819039,Tier 2: Physiological Homeostasis Modifier,549.4449321628092
CENPC,621,1033,41.908416748046875,0.021814208,-0.10228519527252311,0.5407348469338197,0.8533452135093078,675,1,2,0.0022300258,549,667,0.030694284,0.00015566964,Tier 2: Physiological Homeostasis Modifier,549.488427773344
BCL9L,668,1522,44.72676467895508,0.026096247,0.0839752367562815,0.4665380602079972,0.8533452135093078,569,1,2,0.0022280484,551,668,0.03675778,0.00014789216,Tier 2: Physiological Homeostasis Modifier,551.4469273743017
PROCA1,673,502,41.93821716308594,0.02701487,0.12393356428473155,0.4506839386741916,0.8533452135093078,551,1,2,0.0020623014,677,669,0.03814575,5.904725e-05,Tier 2: Physiological Homeostasis Modifier,551.490023942538
ATP13A1,669,1211,31.134567260742188,0.026821407,0.11551829717446262,0.454017159256518,0.8533452135093078,553,1,2,0.002063308,675,670,0.03787142,5.9780665e-05,Tier 2: Physiological Homeostasis Modifier,553.490023942538
CLDN22,562,223,42.1936149597168,0.020837298,-0.14477889480521297,0.5575572769275877,0.8533452135093078,694,1,2,0.0022241129,553,671,0.00015440537,0.029313987,Tier 2: Physiological Homeostasis Modifier,553.497605746209
CFAP221,642,861,43.81095123291016,0.024069931,-0.004165598389516906,0.5016618285146828,0.8533452135093078,616,1,2,0.0022237073,554,672,0.033891574,0.00014845002,Tier 2: Physiological Homeostasis Modifier,554.4668794892259
ANO8,664,1345,39.87865447998047,0.026729606,0.11152513085330672,0.45559996918237833,0.8533452135093078,555,1,2,0.0020462407,687,673,0.037750505,5.0866045e-05,Tier 2: Physiological Homeostasis Modifier,555.4956105347167
DOCK9,663,2115,41.7840576171875,0.02671721,0.11098592877798029,0.4558137524998459,0.8533452135093078,556,1,2,0.001967506,786,674,0.03777448,9.3616545e-06,Tier 2: Physiological Homeostasis Modifier,556.535514764565
NXPE2,356,579,41.65245819091797,0.018861275,-0.23073208151809785,0.5912385257681378,0.8533452135093078,728,1,2,0.0022120501,558,675,0.026521537,0.00015233457,Tier 2: Physiological Homeostasis Modifier,558.51316839585
RAB8A,667,220,25.299692153930664,0.026564201,0.10433033259020717,0.45845360366492555,0.8533452135093078,559,1,2,0.0020247558,710,676,0.037527747,3.9697625e-05,Tier 2: Physiological Homeostasis Modifier,559.5063846767757
HAS1,662,585,31.56820297241211,0.026545947,0.10353631882100665,0.45876866305953684,0.8533452135093078,560,1,2,0.0019988315,743,677,2.603978e-05,0.0375156,Tier 2: Physiological Homeostasis Modifier,560.5199521149242
AFF1,664,1374,41.755706787109375,0.026520137,0.1024136336351259,0.45921418124849445,0.8533452135093078,562,1,2,0.0019837108,764,678,0.03748704,1.8092804e-05,Tier 2: Physiological Homeostasis Modifier,562.5291300877893
CD70,645,234,33.046173095703125,0.023154244,-0.04399621558454007,0.5175462897628345,0.8533452135093078,643,1,2,0.0022010866,563,679,0.032607246,0.00013780314,Tier 2: Physiological Homeostasis Modifier,563.4812450119713
SYCP1,656,1011,41.86559295654297,0.026360193,0.09545637833212307,0.46197616851733236,0.8533452135093078,564,1,2,0.0021905354,575,680,0.00012764055,0.037151307,Tier 2: Physiological Homeostasis Modifier,564.4545091779729
OR10Q1,358,327,40.740047454833984,0.01771956,-0.2803944804719063,0.6104125643860588,0.8533452135093078,759,1,2,0.0022006575,564,681,0.02491011,0.00014912896,Tier 2: Physiological Homeostasis Modifier,564.5279329608938
EEA1,672,1439,42.740867614746094,0.02635022,0.09502257208032966,0.46214844905657043,0.8533452135093078,566,1,2,0.0019679377,784,682,0.037254892,9.946059e-06,Tier 2: Physiological Homeostasis Modifier,566.5387071029529
LARS2,660,905,44.89638900756836,0.02633779,0.09448189107062419,0.4623631834609722,0.8533452135093078,567,1,2,0.0019650955,791,683,8.460134e-06,0.0372388,Tier 2: Physiological Homeostasis Modifier,567.5418994413408
ARMC6,619,455,42.05194091796875,0.021639422,-0.109888048929995,0.543750919643375,0.8533452135093078,681,1,2,0.0021951937,568,684,0.030465491,0.00013726763,Tier 2: Physiological Homeostasis Modifier,568.4984038308061
CARD11,604,1180,40.23888397216797,0.022186225,-0.08610317377714215,0.5343077996562904,0.8533452135093078,667,1,2,0.0021950724,569,685,0.00013621617,0.031239845,Tier 2: Physiological Homeostasis Modifier,569.4932162809258
CRX,668,305,41.64398956298828,0.026039455,0.08150489436664426,0.4675202163446449,0.8533452135093078,570,1,2,0.0021900036,577,686,0.036697593,0.00012775976,Tier 2: Physiological Homeostasis Modifier,570.4577015163608
OR10A4,430,329,41.9941291809082,0.01689032,-0.3164648200123836,0.6241751381907493,0.8533452135093078,776,1,2,0.0021929804,572,687,0.023739178,0.00014734268,Tier 2: Physiological Homeostasis Modifier,572.5379090183559
DNLZ,645,241,34.551883697509766,0.025284678,0.04867355161021333,0.4805897268215009,0.8533452135093078,590,1,2,0.0021915261,573,688,0.00012955442,0.03562838,Tier 2: Physiological Homeostasis Modifier,573.4640861931365
TRPM3,631,1727,41.76319885253906,0.022875624,-0.05611564783909581,0.5223751607961505,0.8533452135093078,650,1,2,0.0021913028,574,689,0.032217994,0.00013302267,Tier 2: Physiological Homeostasis Modifier,574.488427773344
MUC1,501,307,42.1387825012207,0.01682562,-0.31927914513932987,0.6252425772344381,0.8533452135093078,777,1,2,0.0021903047,576,690,0.023648947,0.00014607236,Tier 2: Physiological Homeostasis Modifier,576.5399042298484
SPECC1,662,1125,41.99656677246094,0.025709596,0.06715666450498509,0.4732284919577357,0.8533452135093078,577,1,2,0.0021391246,607,691,0.036257684,0.00010117376,Tier 2: Physiological Homeostasis Modifier,577.4724660814046
NQO2,650,240,42.257781982421875,0.025673369,0.06558085992424506,0.4738557639356923,0.8533452135093078,578,1,2,0.0020361468,696,692,4.667137e-05,0.036260955,Tier 2: Physiological Homeostasis Modifier,578.5083798882681
CDCA8,705,304,41.50004196166992,0.025553906,0.060384449991627176,0.4759247215827668,0.8533452135093078,580,1,2,0.0021578271,598,693,0.036027383,0.00011129468,Tier 2: Physiological Homeostasis Modifier,580.4700718276138
FBXO24,582,635,41.84132766723633,0.021067102,-0.13478286433422768,0.5536082227602682,0.8533452135093078,692,1,2,0.0021841975,581,694,0.00013243436,0.029660948,Tier 2: Physiological Homeostasis Modifier,581.5079808459697
TFR2,657,893,41.604190826416016,0.02554848,0.060148429463979296,0.47601870931122264,0.8533452135093078,581,1,2,0.0019684383,782,695,0.036119986,1.1025928e-05,Tier 2: Physiological Homeostasis Modifier,581.5438946528332
HHAT,659,506,41.562686920166016,0.025530826,0.059380514536759736,0.47632451640828793,0.8533452135093078,582,1,2,0.0020220627,714,696,0.036066666,3.938144e-05,Tier 2: Physiological Homeostasis Modifier,582.5171588188348
ATR,657,2695,44.640174865722656,0.025524443,0.05910286635615241,0.4764350878064472,0.8533452135093078,583,1,2,0.002022212,713,697,0.036057547,3.9467588e-05,Tier 2: Physiological Homeostasis Modifier,583.5171588188348
B3GLCT,651,523,41.51287078857422,0.025509894,0.05847001293618428,0.47668712391337825,0.8533452135093078,584,1,2,0.0019677968,785,698,1.0727905e-05,0.03606571,Tier 2: Physiological Homeostasis Modifier,584.5462889066241
TMEM42,626,165,41.77777099609375,0.022610804,-0.06763480672808955,0.5269618264673424,0.8533452135093078,658,1,2,0.0021709607,587,699,0.031853937,0.0001225695,Tier 2: Physiological Homeostasis Modifier,587.4968076616121
SLC35E1,645,435,31.254709243774418,0.024945345,0.033913221033674786,0.48647317519641353,0.8533452135093078,597,1,2,0.0021701425,588,700,0.00011863932,0.035159405,Tier 2: Physiological Homeostasis Modifier,588.4728651237031
TJP2,656,1258,41.84791564941406,0.025378171,0.052740316665755564,0.47896940782765857,0.8533452135093078,588,1,2,0.001976938,773,701,0.035874464,1.5696045e-05,Tier 2: Physiological Homeostasis Modifier,588.5430965682363
TREM2,721,244,35.448482513427734,0.0016541975,-0.9792067425623165,0.8362610811087681,0.8533452135093078,811,1,2,0.0021663199,591,702,0.0012552775,0.0010841133,Tier 2: Physiological Homeostasis Modifier,591.559457302474
LOXHD1,629,2302,41.907989501953125,0.023372786,-0.03449006037753733,0.5137568158480519,0.8533452135093078,633,1,2,0.0021655292,592,703,0.00011845026,0.032935664,Tier 2: Physiological Homeostasis Modifier,592.4888268156425
PLOD3,656,758,41.99123764038086,0.02516696,0.04355304580968994,0.48263034008453637,0.8533452135093078,592,1,2,0.0019858312,760,704,0.035570834,2.0626001e-05,Tier 2: Physiological Homeostasis Modifier,592.5395051875499
LMBR1,656,509,41.467567443847656,0.025002152,0.036384215894361506,0.48548799986907476,0.8533452135093078,594,1,2,0.002099823,639,705,0.035277177,8.120295e-05,Tier 2: Physiological Homeostasis Modifier,594.4920191540303
AZU1,305,258,29.993797302246097,0.019494906,-0.20317035594604133,0.5804990589331986,0.8533452135093078,722,1,2,0.0021615692,595,706,0.027446492,0.00012346916,Tier 2: Physiological Homeostasis Modifier,595.5255387071029
PCDHA10,419,1020,41.085357666015625,0.017527834,-0.2887341914346403,0.6136076022280599,0.8533452135093078,765,1,2,0.0021612504,596,707,0.00012813462,0.024659963,Tier 2: Physiological Homeostasis Modifier,596.5430965682363
INAFM1,655,153,31.842065811157227,0.024370555,0.008910965396620322,0.4964450861906584,0.8533452135093078,609,1,2,0.0021497353,601,708,0.034356598,0.00010856893,Tier 2: Physiological Homeostasis Modifier,601.4828411811652
FCHO1,655,938,41.87249374389648,0.024761315,0.025908271217416397,0.4896652513924197,0.8533452135093078,601,1,2,0.0020810557,656,709,0.03494624,7.15456e-05,Tier 2: Physiological Homeostasis Modifier,601.5015961691939
TPTE2,276,531,41.46628189086914,0.018179279,-0.2603975912441692,0.602721449602719,0.8533452135093078,748,1,2,0.002148065,602,710,0.02559014,0.000119240955,Tier 2: Physiological Homeostasis Modifier,602.5387071029529
SULT1C2,524,302,41.376739501953125,0.018521305,-0.24552012036520623,0.5969731344769098,0.8533452135093078,740,1,2,0.0021472,603,711,0.026075155,0.00011792872,Tier 2: Physiological Homeostasis Modifier,603.5359138068635
PPP1R26,641,1341,44.72861862182617,0.024651086,0.021113522462885413,0.4915775489672014,0.8533452135093078,603,1,2,0.001979501,770,712,1.7856248e-05,0.034844045,Tier 2: Physiological Homeostasis Modifier,603.547885075818
CGB5,648,173,38.41608047485352,0.024589298,0.018425863715686754,0.4926495598409136,0.8533452135093078,604,1,2,0.0021221454,622,713,0.034680925,9.359373e-05,Tier 2: Physiological Homeostasis Modifier,604.4892258579409
SLCO6A1,587,796,42.996456146240234,0.019267652,-0.21305546633860756,0.5843581500895022,0.8533452135093078,725,1,2,0.0021433316,604,714,0.027134478,0.00011410285,Tier 2: Physiological Homeostasis Modifier,604.5303272146848
EPS15L1,649,962,41.75391387939453,0.02457723,0.01790092900730981,0.4928589439464358,0.8533452135093078,606,1,2,0.0021404242,605,715,0.034654126,0.00010333024,Tier 2: Physiological Homeostasis Modifier,605.4832402234637
LOC128966597,631,120,29.79216957092285,0.024577754,0.01792372199597325,0.4928498523182093,0.8533452135093078,605,1,2,0.001994096,752,716,2.566725e-05,0.03473252,Tier 2: Physiological Homeostasis Modifier,605.5415003990423
DENND5A,652,1316,42.004547119140625,0.024568487,0.0175206253815774,0.4930106393480788,0.8533452135093078,607,1,2,0.0020366805,695,717,0.03469684,4.8243906e-05,Tier 2: Physiological Homeostasis Modifier,607.5195530726257
TOGARAM2,598,1073,41.75230407714844,0.020819103,-0.14557034218828552,0.557869708977717,0.8533452135093078,696,1,2,0.0021373604,608,718,0.00010770386,0.029334955,Tier 2: Physiological Homeostasis Modifier,608.5203511572226
RIMBP3C,620,1906,40.8584098815918,0.02194859,-0.09643983763404887,0.538414373148893,0.8533452135093078,670,1,2,0.0021341366,611,719,0.03093604,0.000103954226,Tier 2: Physiological Homeostasis Modifier,611.5111731843575
CIITA,652,1150,39.0107421875,0.024273107,0.004672165474353626,0.4981360824325342,0.8533452135093078,611,1,2,0.0020390966,693,720,0.03427747,4.989095e-05,Tier 2: Physiological Homeostasis Modifier,611.5203511572226
APOC4,614,145,28.16809463500977,0.022241618,-0.08369368518739045,0.5333500109892879,0.8533452135093078,666,1,2,0.002133307,612,721,0.00010302104,0.031351376,Tier 2: Physiological Homeostasis Modifier,612.509976057462
PRPSAP1,646,422,42.031036376953125,0.024224129,0.0025417170034484214,0.4989860027143014,0.8533452135093078,612,1,2,0.0019609302,794,722,0.03424958,8.516945e-06,Tier 2: Physiological Homeostasis Modifier,612.561053471668
RSPH6A,651,833,41.38297653198242,0.02415628,-0.00040958354582791654,0.5001634001892189,0.8533452135093078,613,1,2,0.00209821,640,723,0.034080695,8.144602e-05,Tier 2: Physiological Homeostasis Modifier,613.5
ATP1A3,647,1086,41.052337646484375,0.024151642,-0.0006113275943405955,0.5002438844093677,0.8533452135093078,614,1,2,0.002091162,650,724,0.034077875,7.770443e-05,Tier 2: Physiological Homeostasis Modifier,614.5043894652833
BBOF1,654,557,42.40657043457031,0.023985825,-0.007824047062267138,0.503121311331407,0.8533452135093078,617,1,2,0.002029668,709,725,0.03387583,4.524924e-05,Tier 2: Physiological Homeostasis Modifier,617.5291300877893
NEK11,597,663,44.9880256652832,0.0017150501,-0.9765597719097662,0.8356064284933937,0.8533452135093078,808,1,2,0.002128336,617,726,0.0007806053,0.0016448414,Tier 2: Physiological Homeostasis Modifier,617.5686352753391
LCN6,603,167,33.706241607666016,0.023901572,-0.01148888995130266,0.5045833031276941,0.8533452135093078,618,1,2,0.0020468403,686,727,5.4477714e-05,0.03374745,Tier 2: Physiological Homeostasis Modifier,618.5203511572226
GDF15,654,346,38.89506530761719,0.023836978,-0.014298604282832144,0.5057041234304023,0.8533452135093078,619,1,2,0.0020421233,690,728,0.033658523,5.205581e-05,Tier 2: Physiological Homeostasis Modifier,619.522346368715
NCKAP5,575,2078,41.85707092285156,0.019011654,-0.2241908852543414,0.5886956122534057,0.8533452135093078,727,1,2,0.002126364,620,729,0.026781054,0.000105489045,Tier 2: Physiological Homeostasis Modifier,620.5375099760574
EPHA10,644,1016,41.55363464355469,0.023757102,-0.017773056119616763,0.5070900502667839,0.8533452135093078,621,1,2,0.0019536905,801,730,0.033592384,5.2317046e-06,Tier 2: Physiological Homeostasis Modifier,621.5674381484438
DYNC2I1,491,1191,44.13463592529297,0.017569764,-0.2869103173608712,0.6129095048212311,0.8533452135093078,764,1,2,0.0021207542,623,731,0.024741463,0.00010593422,Tier 2: Physiological Homeostasis Modifier,623.5534716679969
COL4A6,600,1647,43.30078125,0.020282863,-0.16889574722806344,0.5670606778179664,0.8533452135093078,707,1,2,0.0021192231,625,732,0.02858533,9.897165e-05,Tier 2: Physiological Homeostasis Modifier,625.5315243415802
JAK3,639,1146,35.220218658447266,0.023480857,-0.02978918045799779,0.5118824061587094,0.8533452135093078,627,1,2,0.0021019944,638,733,0.033122543,8.439738e-05,Tier 2: Physiological Homeostasis Modifier,627.5047885075818
DENND1B,639,831,41.95701599121094,0.023434374,-0.03181110124433227,0.5126886531974261,0.8533452135093078,628,1,2,0.0020097608,728,734,0.033105828,3.5386533e-05,Tier 2: Physiological Homeostasis Modifier,628.5411013567439
PLB1,610,1489,41.80476760864258,0.021168126,-0.13038851531375456,0.5518704737634188,0.8533452135093078,689,1,2,0.0021126969,629,735,0.02984244,9.381119e-05,Tier 2: Physiological Homeostasis Modifier,629.5259377494015
EP300,644,2522,41.71932220458984,0.023433993,-0.031827674008990205,0.5126952614277756,0.8533452135093078,629,1,2,0.0019709268,780,736,0.033125903,1.4767051e-05,Tier 2: Physiological Homeostasis Modifier,629.5622505985634
SIN3B,641,1172,41.334228515625,0.023425758,-0.03218588061517875,0.5128380920083631,0.8533452135093078,630,1,2,0.0020327372,702,737,0.033081416,4.761014e-05,Tier 2: Physiological Homeostasis Modifier,630.5315243415802
CHSY1,621,821,42.00163269042969,0.0233949,-0.033528144058259296,0.5133732886344452,0.8533452135093078,631,1,2,0.0020348073,699,738,4.875241e-05,0.033036634,Tier 2: Physiological Homeostasis Modifier,631.5307262569833
LRIT2,616,580,41.39208221435547,0.023224607,-0.040935560887363595,0.5163263661458504,0.8533452135093078,640,1,2,0.0021108869,633,739,8.950988e-05,0.032755043,Tier 2: Physiological Homeostasis Modifier,633.5079808459697
OR4S2,267,335,41.62010192871094,0.020129282,-0.17557622431185843,0.5696865587942682,0.8533452135093078,712,1,2,0.0021092738,634,740,9.391364e-05,0.028373187,Tier 2: Physiological Homeostasis Modifier,634.537110933759
CNTN5,607,1112,41.69685745239258,0.021597305,-0.11172005714284797,0.544477312205454,0.8533452135093078,684,1,2,0.0021063301,636,741,8.965004e-05,0.030453555,Tier 2: Physiological Homeostasis Modifier,636.5267358339984
DUT,629,296,40.7762451171875,0.023237355,-0.04038104749140826,0.5161053300826131,0.8533452135093078,639,1,2,0.001996719,750,742,0.032833863,2.8714538e-05,Tier 2: Physiological Homeostasis Modifier,639.5542697525938
FSTL5,636,863,41.51709747314453,0.023163224,-0.04360560291622518,0.5173906072667868,0.8533452135093078,642,1,2,0.0020154263,722,743,0.032718986,3.875699e-05,Tier 2: Physiological Homeostasis Modifier,642.5442936951317
NR1I3,570,353,41.54476165771485,0.020293327,-0.16844058342391569,0.5668816583880999,0.8533452135093078,706,1,2,0.002094043,645,744,0.028613698,8.539669e-05,Tier 2: Physiological Homeostasis Modifier,645.5391061452514
KIF17,622,1065,41.569000244140625,0.023031827,-0.04932111881584416,0.519668305192011,0.8533452135093078,645,1,2,0.0020191653,719,745,4.092371e-05,0.032531,Tier 2: Physiological Homeostasis Modifier,645.5442936951317
TPM4,645,285,41.66981887817383,0.023025097,-0.04961386082673052,0.5197849495533694,0.8533452135093078,646,1,2,0.0019673689,787,746,0.032549005,1.3398007e-05,Tier 2: Physiological Homeostasis Modifier,646.571827613727
KANTR,617,87,41.447383880615234,0.022968559,-0.05207315470659591,0.5207647983115011,0.8533452135093078,647,1,2,0.0020489153,684,747,5.684886e-05,0.032425597,Tier 2: Physiological Homeostasis Modifier,647.5311252992817
DPP7,568,510,39.262664794921875,0.018819744,-0.23253859986194958,0.5919401448073098,0.8533452135093078,730,1,2,0.0020928872,648,748,0.026527343,8.779578e-05,Tier 2: Physiological Homeostasis Modifier,648.5498802873104
C2orf72,622,338,38.62810134887695,0.022862786,-0.05667407606134834,0.5225975874396414,0.8533452135093078,651,1,2,0.001997607,746,749,2.9684976e-05,0.032303177,Tier 2: Physiological Homeostasis Modifier,651.5574620909816
COLGALT1,633,646,41.32024002075195,0.022833329,-0.05795539870840329,0.5231079222751338,0.8533452135093078,652,1,2,0.0020073068,734,750,0.032256316,3.488548e-05,Tier 2: Physiological Homeostasis Modifier,652.5530726256983
PHACTR1,606,602,41.7173957824707,0.022084402,-0.09053227775552,0.5360678773405108,0.8533452135093078,669,1,2,0.0020871498,653,751,7.858127e-05,0.03115348,Tier 2: Physiological Homeostasis Modifier,653.5275339185954
SCRT2,621,322,15.646207809448242,0.022737652,-0.062117163548756155,0.5247652355714115,0.8533452135093078,654,1,2,0.001993294,754,752,2.7560629e-05,0.032128334,Tier 2: Physiological Homeostasis Modifier,654.561851556265
PPP2R2B,634,449,33.78518295288086,0.02266542,-0.06525911613870337,0.5260161532416331,0.8533452135093078,656,1,2,0.0020817698,655,753,0.031978935,7.480802e-05,Tier 2: Physiological Homeostasis Modifier,655.523144453312
PRR20G,428,263,35.07679748535156,0.016035527,-0.3536466657347598,0.638198151380712,0.8533452135093078,780,1,2,0.002080958,657,754,0.022589164,8.8490546e-05,Tier 2: Physiological Homeostasis Modifier,657.5734237829209
ARL9,574,384,39.48545455932617,0.021080801,-0.13418698427373257,0.5533726410635351,0.8533452135093078,690,1,2,0.0020782226,658,755,0.02973729,7.546879e-05,Tier 2: Physiological Homeostasis Modifier,658.5379090183559
PPP1R3G,626,444,34.30768966674805,0.022543453,-0.07056444523852164,0.528127795783222,0.8533452135093078,659,1,2,0.001967146,788,756,1.3914891e-05,0.03186734,Tier 2: Physiological Homeostasis Modifier,659.5774142059058
HRH4,622,415,43.39268112182617,0.021692943,-0.10755998872722389,0.5428276314176488,0.8533452135093078,679,1,2,0.0020743087,661,757,0.030606115,7.2343275e-05,Tier 2: Physiological Homeostasis Modifier,661.534716679968
KRTAP3-2,612,116,41.706050872802734,0.021758515,-0.10470773328326535,0.5416961372873242,0.8533452135093078,677,1,2,0.0020741667,662,758,0.030699033,7.2160736e-05,Tier 2: Physiological Homeostasis Modifier,662.5343176376696
DHRS4,623,279,41.73844146728515,0.02234239,-0.07931029768054933,0.5316070921300812,0.8533452135093078,663,1,2,0.0019839737,763,759,0.031573765,2.3145229e-05,Tier 2: Physiological Homeostasis Modifier,663.5690343176377
PRTN3,436,260,34.43183517456055,0.017394474,-0.294535094045607,0.6158254745650217,0.8533452135093078,769,1,2,0.0020731303,664,760,0.024519049,8.04523e-05,Tier 2: Physiological Homeostasis Modifier,664.571827613727
C15orf40,688,168,35.037872314453125,0.0018034977,-0.9727124720164417,0.8346518875803075,0.8533452135093078,805,1,2,0.002072903,665,761,0.0019538142,0.00059671677,Tier 2: Physiological Homeostasis Modifier,665.586592178771
TAAR8,274,418,41.922119140625,0.017612573,-0.2850482084836002,0.612196395885241,0.8533452135093078,762,1,2,0.0020716267,666,762,0.024828851,7.908791e-05,Tier 2: Physiological Homeostasis Modifier,666.5698324022346
ANO4,593,1182,41.36312484741211,0.020395596,-0.16399207930633208,0.5651313104027582,0.8533452135093078,705,1,2,0.002066623,670,763,0.028773265,7.0462935e-05,Tier 2: Physiological Homeostasis Modifier,670.548683160415
IL21,726,173,41.3128547668457,0.0021590577,-0.9572462982585282,0.8307785232128799,0.8533452135093078,796,1,2,0.0020655738,671,764,0.0026060715,0.0004472956,Tier 2: Physiological Homeostasis Modifier,671.5853950518755
TAAR5,531,362,41.54399871826172,0.018486684,-0.2470260670455772,0.5975559747429631,0.8533452135093078,742,1,2,0.0020645738,673,765,7.321127e-05,0.026070908,Tier 2: Physiological Homeostasis Modifier,673.5646448523544
DNMT1,621,1708,43.88432312011719,0.021861432,-0.10023104241634222,0.5399195490924853,0.8533452135093078,673,1,2,0.0019880414,758,766,0.030890733,2.6000664e-05,Tier 2: Physiological Homeostasis Modifier,673.5710295291301
TUBG2,597,453,35.418853759765625,0.02177903,-0.10381537037786646,0.5413420657084727,0.8533452135093078,676,1,2,0.0020492277,683,767,5.87916e-05,0.030741408,Tier 2: Physiological Homeostasis Modifier,676.5422984836392
CLDND2,609,250,38.266090393066406,0.021728352,-0.10601976556771787,0.5422166650433194,0.8533452135093078,678,1,2,0.0019937071,753,768,2.9219547e-05,0.030699309,Tier 2: Physiological Homeostasis Modifier,678.5710295291301
COG5,633,647,41.185794830322266,0.001489955,-0.9863509743190779,0.8380195430600745,0.8533452135093078,819,1,2,0.0020524776,681,769,0.0011006547,0.0010064603,Tier 2: Physiological Homeostasis Modifier,681.5985634477255
IFNE,592,215,40.735897064208984,0.0015288692,-0.9846582817247191,0.8376040243811527,0.8533452135093078,816,1,2,0.0020496391,682,770,0.0013368421,0.00082530547,Tier 2: Physiological Homeostasis Modifier,682.5977653631285
SYCN,588,142,32.973243713378906,0.021501133,-0.11590335352783526,0.5461354310598346,0.8533452135093078,685,1,2,0.0019951179,751,771,0.03037688,3.0315481e-05,Tier 2: Physiological Homeostasis Modifier,685.5730247406225
TAS2R50,159,336,41.95597076416016,0.02146411,-0.11751378257226991,0.5467735385984606,0.8533452135093078,686,1,2,0.0019413447,805,772,1.6838312e-06,0.030353148,Tier 2: Physiological Homeostasis Modifier,686.5949720670391
SLC5A4,472,732,41.71075439453125,0.01785305,-0.2745879231118437,0.6081835771126253,0.8533452135093078,755,1,2,0.0020455236,688,773,6.433576e-05,0.02518369,Tier 2: Physiological Homeostasis Modifier,688.5758180367119
DEFB103A,598,76,41.08465194702149,0.021075623,-0.1344122172800281,0.5534616893460882,0.8533452135093078,691,1,2,0.0019482747,804,774,5.953945e-06,0.029799478,Tier 2: Physiological Homeostasis Modifier,691.596568236233
ECI2,607,399,41.94749450683594,0.020949692,-0.13988997272920078,0.5556265380063492,0.8533452135093078,693,1,2,0.001984413,762,775,0.02960188,2.5454909e-05,Tier 2: Physiological Homeostasis Modifier,693.5806065442937
KLK4,572,284,40.99490737915039,0.020826016,-0.14526964003059492,0.557751007916521,0.8533452135093078,695,1,2,0.0020008336,740,776,3.4438446e-05,0.029417992,Tier 2: Physiological Homeostasis Modifier,695.572625698324
KCNK18,593,484,36.389747619628906,0.020788802,-0.14688837720639367,0.558389936972493,0.8533452135093078,697,1,2,0.0019788523,771,777,0.029377067,2.273824e-05,Tier 2: Physiological Homeostasis Modifier,697.5857940941739
OR52M1,516,326,41.735008239746094,0.018426958,-0.24962403277250128,0.5985609443142904,0.8533452135093078,743,1,2,0.0020348807,698,778,0.026002377,5.72782e-05,Tier 2: Physiological Homeostasis Modifier,698.5750199521149
CHST9,567,453,41.90706634521485,0.020700894,-0.15071220554116307,0.5598986277052937,0.8533452135093078,698,1,2,0.0019516211,803,779,8.318573e-06,0.02926717,Tier 2: Physiological Homeostasis Modifier,698.598962490024
RPGR,600,1249,41.42724609375,0.020677788,-0.1517172719458497,0.5602950330833806,0.8533452135093078,699,1,2,0.002008495,730,780,0.02920403,3.878586e-05,Tier 2: Physiological Homeostasis Modifier,699.5702314445331
PBX4,500,380,42.393043518066406,0.018256355,-0.25704493400329587,0.6014279571063762,0.8533452135093078,745,1,2,0.0020339661,700,781,0.025761228,5.715713e-05,Tier 2: Physiological Homeostasis Modifier,700.5766161213088
OR11A1,239,329,41.58979034423828,0.018773383,-0.23455521388374784,0.592723013030783,0.8533452135093078,732,1,2,0.0020332849,701,782,5.567819e-05,0.026493894,Tier 2: Physiological Homeostasis Modifier,701.571827613727
NEDD4,607,942,41.57540512084961,0.020561263,-0.1567858845489008,0.562293201119715,0.8533452135093078,703,1,2,0.0019767513,774,783,0.029056035,2.1982938e-05,Tier 2: Physiological Homeostasis Modifier,703.5893854748604
MTX1,379,510,41.62564849853515,0.017441269,-0.29249960186144247,0.6150476678769154,0.8533452135093078,768,1,2,0.0020306248,707,784,0.02460845,5.722884e-05,Tier 2: Physiological Homeostasis Modifier,707.5885873902633
NDRG3,604,383,44.120948791503906,0.0201469,-0.17480987531515768,0.5693854857774938,0.8533452135093078,711,1,2,0.0019631723,792,785,0.028476622,1.5399419e-05,Tier 2: Physiological Homeostasis Modifier,711.5997605746209
AFF2,559,1343,42.27096176147461,0.018249135,-0.25735899006846663,0.6015491709828923,0.8533452135093078,746,1,2,0.002022444,712,786,0.025757238,5.093962e-05,Tier 2: Physiological Homeostasis Modifier,712.5818036711892
LCN10,564,221,32.06434631347656,0.019897124,-0.18567464923954902,0.5736500452104746,0.8533452135093078,714,1,2,0.0020136496,726,787,4.291348e-05,0.028095867,Tier 2: Physiological Homeostasis Modifier,714.5746209098164
MAGEL2,588,1826,41.61589431762695,0.019877454,-0.1865302562758246,0.5739855229408719,0.8533452135093078,715,1,2,0.0019570615,798,788,0.028098382,1.2582168e-05,Tier 2: Physiological Homeostasis Modifier,715.6037509976057
SMIM10L2B,193,82,34.76224899291992,0.01854439,-0.2445159674199889,0.5965843814961898,0.8533452135093078,739,1,2,0.0020207865,716,789,0.026176319,4.9409457e-05,Tier 2: Physiological Homeostasis Modifier,716.5806065442937
COL6A5,593,2682,42.54631042480469,0.019835643,-0.18834895407926736,0.5746984439034841,0.8533452135093078,716,1,2,0.0019684925,781,790,0.028033048,1.8783845e-05,Tier 2: Physiological Homeostasis Modifier,716.59736632083
CATSPERB,600,1140,43.32579803466797,0.019616494,-0.1978815126147408,0.5784311155203586,0.8533452135093078,720,1,2,0.0020193195,718,791,0.027695434,4.6480447e-05,Tier 2: Physiological Homeostasis Modifier,718.5738228252195
NUTM2G,215,515,47.41249084472656,0.019052112,-0.22243104033956565,0.5880108248578203,0.8533452135093078,726,1,2,0.0020076446,733,792,4.1283667e-05,0.026902474,Tier 2: Physiological Homeostasis Modifier,726.5822027134876
SMIM10L2A,193,79,34.966182708740234,0.017788187,-0.2774093384241947,0.6092670940577793,0.8533452135093078,758,1,2,0.0020091496,729,793,0.025111523,4.4769607e-05,Tier 2: Physiological Homeostasis Modifier,729.5933758978451
DYTN,637,616,42.555145263671875,0.0019160863,-0.9678150852160136,0.8334316357386615,0.8533452135093078,802,1,2,0.0020077117,732,794,0.00045070052,0.0022590607,Tier 2: Physiological Homeostasis Modifier,732.6121308858739
ITPRIPL1,504,566,41.02898406982422,0.018715056,-0.23709232581078638,0.5937074171123826,0.8533452135093078,734,1,2,0.0019823473,767,795,2.8319657e-05,0.026438767,Tier 2: Physiological Homeostasis Modifier,734.598962490024
KRTAP1-4,267,162,33.87699508666992,0.018708661,-0.23737049596823337,0.593815311741678,0.8533452135093078,735,1,2,0.0019993905,742,796,0.026420522,3.7521124e-05,Tier 2: Physiological Homeostasis Modifier,735.5893854748604
PCDHGB4,327,924,43.224029541015625,0.017174298,-0.30411232509893793,0.6194788413963043,0.8533452135093078,773,1,2,0.0020033552,738,797,4.3064356e-05,0.024245054,Tier 2: Physiological Homeostasis Modifier,738.6029529130088
FAM3A,398,218,35.878379821777344,0.018509831,-0.2460192172200219,0.5971663217927724,0.8533452135093078,741,1,2,0.0019546584,800,798,1.3805926e-05,0.026163045,Tier 2: Physiological Homeostasis Modifier,741.6149241819633
ADAR,565,1240,41.770145416259766,0.017925836,-0.2714218725911341,0.606966709335253,0.8533452135093078,752,1,2,0.001998208,745,799,0.025312424,3.8538128e-05,Tier 2: Physiological Homeostasis Modifier,745.59736632083
OR5K4,329,338,41.709747314453125,0.017644659,-0.28365252941059865,0.6116616614758824,0.8533452135093078,761,1,2,0.0019967626,749,800,3.838539e-05,0.024914928,Tier 2: Physiological Homeostasis Modifier,749.6025538707103
OSCAR,520,278,36.69924545288086,0.018017054,-0.2674540656447696,0.6054402116994123,0.8533452135093078,750,1,2,0.0019590629,796,801,0.025462776,1.7182902e-05,Tier 2: Physiological Homeostasis Modifier,750.6169193934558
H3C7,298,136,28.264869689941406,0.017929068,-0.2712812868289967,0.6069126510221959,0.8533452135093078,751,1,2,0.0019679978,783,802,0.025333336,2.219528e-05,Tier 2: Physiological Homeostasis Modifier,751.6121308858739
CASP1,394,417,41.42243194580078,0.01726413,-0.30020480647754955,0.617989530483884,0.8533452135093078,772,1,2,0.0019911919,755,803,3.6247075e-05,0.024378922,Tier 2: Physiological Homeostasis Modifier,755.6093375897846
PNLIP,566,467,41.4895133972168,0.017714093,-0.2806322844204227,0.61050377435268,0.8533452135093078,760,1,2,0.0019389642,806,804,0.025044544,6.9653615e-06,Tier 2: Physiological Homeostasis Modifier,760.6249002394254
PCDHB12,396,956,41.47925567626953,0.017287873,-0.29917203180229324,0.6175956060216022,0.8533452135093078,771,1,2,0.0019376292,807,805,7.1674585e-06,0.02444158,Tier 2: Physiological Homeostasis Modifier,771.6296887470072
TMEM238L,711,84,25.34915542602539,0.0041990355,-0.8685112011804376,0.8074427284880739,0.8533452135093078,784,1,2,0.0017779287,817,806,0.005918298,2.0033098e-05,Tier 2: Physiological Homeostasis Modifier,784.6388667198723
TMCO2,722,198,41.402130126953125,0.0032649124,-0.9091437531432026,0.8183628750927665,0.8533452135093078,788,1,2,0.0017384092,821,807,0.004587967,2.9313436e-05,Tier 2: Physiological Homeostasis Modifier,788.6420590582602
C2orf49,720,239,41.23896408081055,0.0013693213,-0.9915983074422077,0.8393032423660649,0.8533452135093078,822,1,2,0.0019653752,790,808,0.0010435693,0.0008929441,Tier 2: Physiological Homeostasis Modifier,790.6432561851557
KATNBL1,695,328,41.356197357177734,0.002234865,-0.9539488270190237,0.8299452269478467,0.8533452135093078,795,1,2,0.0016308876,837,809,0.0031454489,1.5127705e-05,Tier 2: Physiological Homeostasis Modifier,795.6512370311253
CEP15,718,137,41.23075866699219,0.0015838345,-0.982267397259493,0.8370159340701468,0.8533452135093078,814,1,2,0.0019577395,797,810,0.001706332,0.00053354807,Tier 2: Physiological Homeostasis Modifier,797.6428571428571
ACSL1,698,722,41.36549758911133,0.0019944008,-0.9644085556154846,0.8325794327488474,0.8533452135093078,799,1,2,0.0016568674,834,811,0.0027577877,6.271829e-05,Tier 2: Physiological Homeostasis Modifier,799.6516360734238
IL6R,660,363,37.31402587890625,0.0018697234,-0.969831781884145,0.8339348259099104,0.8533452135093078,803,1,2,0.0017778407,818,812,0.0024462827,0.00019790255,Tier 2: Physiological Homeostasis Modifier,803.646847565842
RAB3C,719,234,40.53044891357422,0.0017333161,-0.975765236163726,0.8354095921133959,0.8533452135093078,807,1,2,0.0018986973,809,813,0.002078671,0.00037261145,Tier 2: Physiological Homeostasis Modifier,807.6448523543496
IL33,708,294,42.04808044433594,0.0013017931,-0.994535653810638,0.8400189217685539,0.8533452135093078,827,1,2,0.001905889,808,814,0.0010880604,0.0007529538,Tier 2: Physiological Homeostasis Modifier,808.6524341580207
PHF7,717,396,41.4328727722168,0.0016757343,-0.9782699333290242,0.8360295818280172,0.8533452135093078,809,1,2,0.0018303912,813,815,0.0020650513,0.00030479522,Tier 2: Physiological Homeostasis Modifier,809.6472466081404
C2orf88,713,108,39.09334182739258,0.0016567014,-0.979097827744923,0.8362341775667113,0.8533452135093078,810,1,2,0.0018470295,811,816,0.0020108074,0.00033212051,Tier 2: Physiological Homeostasis Modifier,810.646847565842
PLGLB2,666,98,31.879484176635746,0.0013564888,-0.9921564964250753,0.8394394048163603,0.8533452135093078,825,1,2,0.0018933102,810,817,0.0013184249,0.00059993926,Tier 2: Physiological Homeostasis Modifier,810.6524341580207
TSR2,707,210,38.61854934692383,0.0016120702,-0.9810391988052902,0.8367132941946155,0.8533452135093078,812,1,2,0.0017143114,827,818,0.00018558279,0.0020942292,Tier 2: Physiological Homeostasis Modifier,812.6540303272147
CASS4,703,862,41.56574249267578,0.0012331621,-0.9975209698506294,0.8407441498214663,0.8533452135093078,833,1,2,0.0018364771,812,819,0.0006141905,0.0011297617,Tier 2: Physiological Homeostasis Modifier,812.6564245810056
OR10J1,232,321,40.73583984375,0.001609114,-0.9811677877997304,0.8367449968569554,0.8533452135093078,813,1,2,0.0015456011,857,820,0.0022630012,1.2628734e-05,Tier 2: Physiological Homeostasis Modifier,813.6664006384676
CIMIP1,716,140,34.48365783691406,0.001158443,-1.0007711064903948,0.8415312593261843,0.8533452135093078,840,1,2,0.0018147974,814,821,0.00073020905,0.00090808165,Tier 2: Physiological Homeostasis Modifier,814.6600159616919
STX19,716,294,41.49908828735352,0.0012806293,-0.9954562382638323,0.8402427909217538,0.8533452135093078,828,1,2,0.0017921485,815,822,0.00044070184,0.0013703819,Tier 2: Physiological Homeostasis Modifier,815.6556264964087
TMEM219,704,248,41.76812744140625,0.0015809851,-0.9823913406600604,0.8370464546433227,0.8533452135093078,815,1,2,0.0015405515,860,823,0.0022237413,1.2107077e-05,Tier 2: Physiological Homeostasis Modifier,815.6683958499601
DVL2,697,749,41.97128677368164,0.0013576671,-0.9921052426492316,0.8394269053128298,0.8533452135093078,824,1,2,0.0017846647,816,824,0.0015462674,0.0003737642,Tier 2: Physiological Homeostasis Modifier,816.6544293695132
CENPW,707,96,31.923160552978516,0.0015270896,-0.9847356908900347,0.8376230417474599,0.8533452135093078,817,1,2,0.0017599779,820,825,0.0002642162,0.0018954112,Tier 2: Physiological Homeostasis Modifier,817.6532322426177
SWI5,685,132,41.19788360595703,0.0014919066,-0.986266083485728,0.8379987207434285,0.8533452135093078,818,1,2,0.001637702,836,826,0.00012898259,0.0019808908,Tier 2: Physiological Homeostasis Modifier,818.6600159616919
SCLT1,624,706,41.061279296875,0.0014194816,-0.9894164312031788,0.8387702807085603,0.8533452135093078,820,1,2,0.001773138,819,827,0.00032399455,0.0016834564,Tier 2: Physiological Homeostasis Modifier,819.6540303272147
KIF3C,705,816,41.1400146484375,0.0013944242,-0.9905063797416014,0.8390366637917999,0.8533452135093078,821,1,2,0.0015261373,865,828,0.0019416735,3.0337716e-05,Tier 2: Physiological Homeostasis Modifier,821.6727853152435
MRPS12,702,151,34.085533142089844,0.0010825417,-1.0040726665484763,0.8423282054121854,0.8533452135093078,844,1,2,0.0017380615,822,829,0.0005454868,0.0009854587,Tier 2: Physiological Homeostasis Modifier,822.6648044692737
ARMH2,709,236,41.797706604003906,0.001213477,-0.9983772337077615,0.840951765533948,0.8533452135093078,836,1,2,0.0017320656,823,830,0.0013419017,0.0003742166,Tier 2: Physiological Homeostasis Modifier,823.6620111731844
DEFB107A,551,77,33.820255279541016,0.0013675874,-0.9916737287457255,0.8393216447505119,0.8533452135093078,823,1,2,0.0014944976,876,831,0.0019311283,2.9318035e-06,Tier 2: Physiological Homeostasis Modifier,823.6779728651237
ART4,692,337,40.98086166381836,0.0012067962,-0.9986678356136056,0.8410221865787328,0.8533452135093078,837,1,2,0.0017308963,824,832,0.001329694,0.00037697447,Tier 2: Physiological Homeostasis Modifier,824.6628092577813
CALM2,720,113,41.41547393798828,0.0010625387,-1.0049427584420514,0.8425377931453422,0.8533452135093078,845,1,2,0.0017198959,825,833,0.0005167052,0.0009859502,Tier 2: Physiological Homeostasis Modifier,825.6664006384676
LRRTM4,720,595,41.80015563964844,0.0013113412,-0.9941203298887742,0.8399178555289627,0.8533452135093078,826,1,2,0.0015993246,842,834,0.0017222464,0.00013226666,Tier 2: Physiological Homeostasis Modifier,826.6656025538707
DCDC2B,644,365,39.72784423828125,0.0011024154,-1.003208198955348,0.8421197910495595,0.8533452135093078,843,1,2,0.0017191371,826,835,0.000451711,0.0011073388,Tier 2: Physiological Homeostasis Modifier,826.6660015961692
DDIAS,690,1059,43.2880859375,0.0010370247,-1.0060525681992214,0.8428048582807723,0.8533452135093078,848,1,2,0.0017086985,828,836,0.0009397324,0.0005268422,Tier 2: Physiological Homeostasis Modifier,828.6687948922586
GAL3ST2,553,415,33.87626266479492,0.0012717345,-0.9958431448965859,0.8403368182736399,0.8533452135093078,829,1,2,0.0016053704,841,837,0.0001521539,0.0016463511,Tier 2: Physiological Homeostasis Modifier,829.6664006384676
ETFBKMT,688,275,41.750511169433594,0.0009747391,-1.0087618715860363,0.843455574509101,0.8533452135093078,855,1,2,0.0016891637,829,838,0.00070090033,0.0006775877,Tier 2: Physiological Homeostasis Modifier,829.6719872306464
DLX4,648,258,41.36492156982422,0.0012336555,-0.9974995079029072,0.8407389437287176,0.8533452135093078,832,1,2,0.0016793826,830,839,0.0014733821,0.00027127936,Tier 2: Physiological Homeostasis Modifier,830.6632083000798
CFAP141,710,108,40.26176834106445,0.0012699959,-0.9959187706410327,0.8403551928646334,0.8533452135093078,830,1,2,0.0015809414,844,840,0.0016737953,0.00012224761,Tier 2: Physiological Homeostasis Modifier,830.6679968076617
TPI1,655,295,41.479042053222656,0.001258001,-0.9964405256404949,0.8404819246147799,0.8533452135093078,831,1,2,0.0015933572,843,841,0.00014144275,0.0016376376,Tier 2: Physiological Homeostasis Modifier,831.6679968076617
OSTN,724,135,41.45359802246094,0.00095310144,-1.0097030680346657,0.8436812139344323,0.8533452135093078,858,1,2,0.0016657634,831,842,0.000556916,0.0007909744,Tier 2: Physiological Homeostasis Modifier,831.6739824421388
MED21,718,145,41.98580551147461,0.00095303834,-1.0097058127628806,0.8436818716333643,0.8533452135093078,859,1,2,0.0016614934,832,843,0.0008179918,0.000529803,Tier 2: Physiological Homeostasis Modifier,832.6747805267358
CALCOCO2,683,489,41.04630279541016,0.0009955285,-1.0078575728102384,0.8432385789193918,0.8533452135093078,853,1,2,0.0016576718,833,844,0.0009847395,0.0004231492,Tier 2: Physiological Homeostasis Modifier,833.6727853152435
TMEM212,631,214,42.82775115966797,0.0012207893,-0.9980591627707327,0.8408746645446805,0.8533452135093078,834,1,2,0.0016446011,835,845,0.0015014719,0.00022498611,Tier 2: Physiological Homeostasis Modifier,834.6660015961692
ROBO3,680,1414,41.80863571166992,0.0012173372,-0.9982093224580701,0.8409110665838325,0.8533452135093078,835,1,2,0.0015574313,854,846,0.0016121063,0.00010946789,Tier 2: Physiological Homeostasis Modifier,835.6739824421388
UPP2,464,335,42.28825759887695,0.0011920296,-0.9993101542135989,0.8411777660084192,0.8533452135093078,838,1,2,0.0016161907,838,847,0.00019652816,0.0014892556,Tier 2: Physiological Homeostasis Modifier,838.6687948922586
CCDC186,692,764,42.0687255859375,0.001046638,-1.0056344082031956,0.8427042670554522,0.8533452135093078,846,1,2,0.00161502,839,848,0.0012065861,0.00027358357,Tier 2: Physiological Homeostasis Modifier,839.6723862729449
APPBP2,696,588,39.17465591430664,0.0011775475,-0.9999400976126861,0.8413302510103529,0.8533452135093078,839,1,2,0.0015755397,847,849,0.0015190877,0.00014621438,Tier 2: Physiological Homeostasis Modifier,839.6727853152435
FAM3B,648,237,41.868446350097656,0.00086114276,-1.0137030931314943,0.8446377761532122,0.8533452135093078,872,1,2,0.0016088837,840,850,0.0006165444,0.0006012954,Tier 2: Physiological Homeostasis Modifier,840.683160415004
TP53I13,716,435,40.709922790527344,0.0011120928,-1.0027872507330375,0.8420182392420015,0.8533452135093078,841,1,2,0.0015788075,845,851,0.00017745048,0.0013952879,Tier 2: Physiological Homeostasis Modifier,841.6727853152435
CCL25,705,177,35.08229446411133,0.0011104359,-1.0028593226851676,0.8420356293084559,0.8533452135093078,842,1,2,0.001479645,880,852,4.663691e-05,0.0015237588,Tier 2: Physiological Homeostasis Modifier,842.6871508379888
PPP1R17,712,161,38.17308807373047,0.0010314496,-1.0062950742891015,0.842863175383671,0.8533452135093078,850,1,2,0.0015774353,846,853,0.0012418889,0.00021679893,Tier 2: Physiological Homeostasis Modifier,846.6767757382282
RAB27A,718,225,41.07530212402344,0.0010408268,-1.0058871841873953,0.8427650790918102,0.8533452135093078,847,1,2,0.0015138641,869,854,0.0013569221,0.000115025556,Tier 2: Physiological Homeostasis Modifier,847.6847565841979
CDH17,707,836,41.284881591796875,0.00096879434,-1.0090204571724608,0.8435175883440132,0.8533452135093078,856,1,2,0.0015746987,848,855,0.0011162367,0.00025384407,Tier 2: Physiological Homeostasis Modifier,848.6799680766161
CCDC50,705,497,41.56500244140625,0.0009848077,-1.008323906918754,0.8433505051887632,0.8533452135093078,854,1,2,0.0015708681,849,856,0.0011577625,0.00023496675,Tier 2: Physiological Homeostasis Modifier,849.6795690343176
CCDC88C,612,2188,41.419822692871094,0.0010346677,-1.0061550931501368,0.8428295148952493,0.8533452135093078,849,1,2,0.0014463327,894,857,0.0014344776,2.8762035e-05,Tier 2: Physiological Homeostasis Modifier,849.695530726257
CFAP161,684,302,40.02275085449219,0.00080386474,-1.0161945764530975,0.8452316307064695,0.8533452135093078,882,1,2,0.0015683409,850,858,0.0005574245,0.0005794113,Tier 2: Physiological Homeostasis Modifier,850.6911412609736
PALS2,722,575,41.31343078613281,0.001014322,-1.0070400918322897,0.8430422458547813,0.8533452135093078,851,1,2,0.0015194953,867,859,0.001299955,0.00013451301,Tier 2: Physiological Homeostasis Modifier,851.6855546687949
IZUMO3,697,258,41.20980072021485,0.0008296716,-1.0150720278511565,0.8449642528414109,0.8533452135093078,879,1,2,0.001567133,851,860,0.00041062012,0.0007627114,Tier 2: Physiological Homeostasis Modifier,851.6903431763767
IQCC,657,534,40.19720458984375,0.0010128538,-1.0071039556986172,0.8430575897573072,0.8533452135093078,852,1,2,0.0015235371,866,861,0.00014118291,0.0012912076,Tier 2: Physiological Homeostasis Modifier,852.6855546687949
ITIH4,692,983,40.43938446044922,0.00079962716,-1.0163789030044335,0.8452755059844856,0.8533452135093078,884,1,2,0.0015646019,852,862,0.0005295966,0.00060124695,Tier 2: Physiological Homeostasis Modifier,852.6927374301677
NSL1,689,302,40.85871887207031,0.000832692,-1.0149406462806243,0.8449329393707916,0.8533452135093078,877,1,2,0.0015604782,853,863,0.00037666783,0.00080093625,Tier 2: Physiological Homeostasis Modifier,853.6903431763767
TEX51,678,175,40.691104888916016,0.0007861642,-1.0169645157804934,0.84541484494986,0.8533452135093078,886,1,2,0.0015514123,855,864,0.00063947774,0.0004723256,Tier 2: Physiological Homeostasis Modifier,855.69473264166
CBY1,719,142,37.12726593017578,0.0008085175,-1.015992190373072,0.8451834472495159,0.8533452135093078,881,1,2,0.0015470413,856,865,0.0007686019,0.0003748125,Tier 2: Physiological Homeostasis Modifier,856.6931364724661
CD79B,720,262,43.112037658691406,0.0009603341,-1.009388461283929,0.8436058149662786,0.8533452135093078,857,1,2,0.0015426078,859,866,0.0011577085,0.00020040624,Tier 2: Physiological Homeostasis Modifier,857.6847565841979
ANKRD37,696,161,36.94560623168945,0.0008939871,-1.012274427732113,0.8442965708511465,0.8533452135093078,869,1,2,0.001545263,858,867,0.00025557727,0.0010087107,Tier 2: Physiological Homeostasis Modifier,858.6891460494812
LURAP1,721,259,39.935699462890625,0.0009522215,-1.0097413437263536,0.8436903854909602,0.8533452135093078,860,1,2,0.0014784486,882,868,0.0012443662,0.00010228134,Tier 2: Physiological Homeostasis Modifier,860.6951316839585
MYH6,563,1604,41.792388916015625,0.00094982376,-1.0098456407886394,0.8437153751778139,0.8533452135093078,861,1,2,0.0015037003,873,869,0.0012014434,0.0001418069,Tier 2: Physiological Homeostasis Modifier,861.6919393455706
RTP4,667,272,40.663352966308594,0.00076659233,-1.017815854351163,0.845617261959448,0.8533452135093078,889,1,2,0.0015395483,861,870,0.0004797969,0.00060432777,Tier 2: Physiological Homeostasis Modifier,861.6983240223464
CCDC182,710,158,41.8853645324707,0.00094943354,-1.0098626146055023,0.8437194418733391,0.8533452135093078,862,1,2,0.0015317434,864,871,0.00018830597,0.0011543946,Tier 2: Physiological Homeostasis Modifier,862.6887470071828
TSGA10IP,620,650,42.172550201416016,0.0008423934,-1.0145186541046343,0.8448323335507708,0.8533452135093078,874,1,2,0.0015377689,862,872,0.0008995973,0.00029172562,Tier 2: Physiological Homeostasis Modifier,862.6927374301677
SCFD2,644,693,41.37467956542969,0.0009383408,-1.010345127386162,0.8438350162135071,0.8533452135093078,863,1,2,0.0014969899,875,873,0.0011898167,0.00013719685,Tier 2: Physiological Homeostasis Modifier,863.6935355147646
EMP1,720,164,38.5540771484375,0.0007588868,-1.0181510300342456,0.8456969063130839,0.8533452135093078,891,1,2,0.0015338751,863,874,0.0006015003,0.00047172967,Tier 2: Physiological Homeostasis Modifier,863.6999201915403
MRAP2,691,212,41.886131286621094,0.00092731335,-1.0108248001778335,0.8439498544696369,0.8533452135093078,864,1,2,0.0014309196,902,875,4.563853e-05,0.0012657796,Tier 2: Physiological Homeostasis Modifier,864.7047086991221
GALNT7,705,658,41.581180572509766,0.000923072,-1.0110092907168933,0.8439940084471458,0.8533452135093078,865,1,2,0.0014363658,898,876,0.0012506694,5.475129e-05,Tier 2: Physiological Homeostasis Modifier,865.7035115722266
FNDC9,719,236,41.7243537902832,0.0009125002,-1.0114691436129837,0.8441040288398751,0.8533452135093078,866,1,2,0.0014334564,899,877,5.4959208e-05,0.0012355105,Tier 2: Physiological Homeostasis Modifier,866.7043096568236
CD80,708,306,41.35475158691406,0.0009119767,-1.011491914852612,0.8441094755585873,0.8533452135093078,867,1,2,0.0014472187,893,878,7.4688345e-05,0.0012150414,Tier 2: Physiological Homeostasis Modifier,867.7023144453312
TCP11X1,555,571,42.41481018066406,0.0008964273,-1.0121682837417765,0.8442712009874234,0.8533452135093078,868,1,2,0.0014804177,879,879,0.0011345907,0.00013314933,Tier 2: Physiological Homeostasis Modifier,868.6971268954509
MZB1,725,200,34.89322280883789,0.0007314285,-1.019345413088855,0.8459804943351157,0.8533452135093078,898,1,2,0.0015139853,868,880,0.0004473962,0.000586997,Tier 2: Physiological Homeostasis Modifier,868.7047086991221
E2F6,710,257,41.86027908325195,0.0008399276,-1.014625911645562,0.8448579085651797,0.8533452135093078,875,1,2,0.0015119249,870,881,0.00023240596,0.0009554314,Tier 2: Physiological Homeostasis Modifier,870.696328810854
KCNK7,650,313,36.14616394042969,0.0008913027,-1.0123911939511359,0.8443244764240556,0.8533452135093078,870,1,2,0.0014311997,901,882,0.0011998909,6.0601626e-05,Tier 2: Physiological Homeostasis Modifier,870.7067039106146
RD3L,702,223,36.80226516723633,0.00076077797,-1.0180687677892637,0.845677361697371,0.8533452135093078,890,1,2,0.001508826,871,883,0.0003263075,0.0007495949,Tier 2: Physiological Homeostasis Modifier,871.7027134876297
NDUFB11,710,155,36.00909423828125,0.000867918,-1.0134083832679226,0.8445674316103897,0.8533452135093078,871,1,2,0.001449827,891,884,0.0011279695,9.945268e-05,Tier 2: Physiological Homeostasis Modifier,871.7031125299281
EME1,717,620,43.52880859375,0.0007543054,-1.0183503120919981,0.8457442467791506,0.8533452135093078,892,1,2,0.0015052764,872,885,0.00032580644,0.0007409414,Tier 2: Physiological Homeostasis Modifier,872.7039106145252
CSN1S1,614,226,36.12647247314453,0.00084597524,-1.0143628509776992,0.8447951781309753,0.8533452135093078,873,1,2,0.0014169759,905,886,0.0011363607,6.0028397e-05,Tier 2: Physiological Homeostasis Modifier,873.7094972067039
KCND2,716,633,41.19105529785156,0.0007749928,-1.0174504501193369,0.8455304037445024,0.8533452135093078,888,1,2,0.0015002113,874,887,0.00081998855,0.00027601217,Tier 2: Physiological Homeostasis Modifier,874.7031125299281
GLO1,712,186,35.77398681640625,0.00083735527,-1.0147378030358836,0.8448845855313423,0.8533452135093078,876,1,2,0.0014622496,888,888,0.0010467805,0.00013741886,Tier 2: Physiological Homeostasis Modifier,876.7039106145252
DBI,704,97,41.4309196472168,0.0007484192,-1.0186063504314453,0.8458050558888301,0.8533452135093078,893,1,2,0.0014926961,877,889,0.0007655155,0.00029290724,Tier 2: Physiological Homeostasis Modifier,877.706304868316
SYT4,721,432,41.69782638549805,0.000813002,-1.0157971232782994,0.8451369968965019,0.8533452135093078,880,1,2,0.0014864614,878,890,0.0009480454,0.00020171748,Tier 2: Physiological Homeostasis Modifier,878.7015163607342
UBE2L6,704,167,28.08382797241211,0.00083009555,-1.0150535868443935,0.8449598578655941,0.8533452135093078,878,1,2,0.0013931264,919,891,0.0011415929,3.233507e-05,Tier 2: Physiological Homeostasis Modifier,878.7170790103751
COQ10B,703,245,41.283329010009766,0.00073735166,-1.0190877670607417,0.8459193494082236,0.8533452135093078,896,1,2,0.0014796127,881,892,0.0007734876,0.00026928616,Tier 2: Physiological Homeostasis Modifier,881.7090981644054
MMRN1,679,1271,42.40766525268555,0.0006834342,-1.0214330725083325,0.8464753485447952,0.8533452135093078,905,1,2,0.00147787,883,893,0.00039384514,0.0005726754,Tier 2: Physiological Homeostasis Modifier,883.7134876296888
FCRL1,552,469,41.537384033203125,0.0007998599,-1.0163687792636291,0.8452730964421804,0.8533452135093078,883,1,2,0.0014083122,910,894,0.001061799,6.937422e-05,Tier 2: Physiological Homeostasis Modifier,883.7154828411811
SLURP1,574,107,29.517539978027344,0.0006872609,-1.021266618443985,0.8464359313122485,0.8533452135093078,904,1,2,0.0014720403,884,895,0.0003421111,0.0006298227,Tier 2: Physiological Homeostasis Modifier,884.7134876296888
LAYN,700,395,42.243045806884766,0.00078922574,-1.0168313446993629,0.8453831659057733,0.8533452135093078,885,1,2,0.0014653004,886,896,0.0009382479,0.0001778868,Tier 2: Physiological Homeostasis Modifier,885.7067039106146
TEX12,718,145,42.05988311767578,0.0007242317,-1.0196584599988023,0.8460547654727413,0.8533452135093078,899,1,2,0.0014692929,885,897,0.00076654926,0.0002576661,Tier 2: Physiological Homeostasis Modifier,885.7118914604948
CCDC201,670,228,38.33102798461914,0.00065577636,-1.0226361351678233,0.8467600411171041,0.8533452135093078,908,1,2,0.0014636707,887,898,0.00047070626,0.00045670243,Tier 2: Physiological Homeostasis Modifier,887.7162809257782
FXYD4,697,109,40.677520751953125,0.0007850867,-1.0170113849508842,0.8454259932756445,0.8533452135093078,887,1,2,0.0014032136,913,899,0.001041213,6.906688e-05,Tier 2: Physiological Homeostasis Modifier,887.7182761372705
KNCN,726,132,39.098243713378906,0.0006527109,-1.0227694767613882,0.8467915735036013,0.8533452135093078,910,1,2,0.0014546686,889,900,0.0003613457,0.0005617278,Tier 2: Physiological Homeostasis Modifier,889.7178770949721
CCDC198,700,316,41.45912170410156,0.00065309915,-1.022752588635723,0.8467875800670415,0.8533452135093078,909,1,2,0.0014517659,890,901,0.00058298185,0.00034063822,Tier 2: Physiological Homeostasis Modifier,890.7178770949721
SNTN,625,158,42.01415252685547,0.0006376242,-1.0234257190935783,0.8469466978840678,0.8533452135093078,912,1,2,0.0014492358,892,902,0.0004995372,0.00040219957,Tier 2: Physiological Homeostasis Modifier,892.7198723064645
COX16,718,112,37.98406219482422,0.0007453819,-1.0187384671193598,0.8458364274020883,0.8533452135093078,894,1,2,0.0013603187,937,903,0.0010316744,2.2454187e-05,Tier 2: Physiological Homeostasis Modifier,894.7306464485235
MRPS11,701,203,40.78162384033203,0.0006291426,-1.023794652323821,0.8470338616085519,0.8533452135093078,913,1,2,0.001444402,895,904,0.0004708916,0.0004188495,Tier 2: Physiological Homeostasis Modifier,895.7214684756584
CLUL1,659,477,41.863487243652344,0.0007431072,-1.0188374121791166,0.8458599194453209,0.8533452135093078,895,1,2,0.0013730234,931,905,0.0010076687,4.324317e-05,Tier 2: Physiological Homeostasis Modifier,895.7286512370312
PLGLB1,665,104,31.87807273864746,0.0006261801,-1.0239235153561022,0.8470642988781174,0.8533452135093078,915,1,2,0.0014414788,896,906,0.0004860321,0.00039951922,Tier 2: Physiological Homeostasis Modifier,896.7226656025539
DBNDD2,726,163,39.050052642822266,0.0007340259,-1.0192324312019194,0.8459536832875101,0.8533452135093078,897,1,2,0.0014330412,900,907,0.0001576133,0.0008804519,Tier 2: Physiological Homeostasis Modifier,897.7170790103751
JAZF1,699,244,41.637420654296875,0.00064190966,-1.0232393098546522,0.8469026445421772,0.8533452135093078,911,1,2,0.0014396,897,908,0.00059808046,0.00030971644,Tier 2: Physiological Homeostasis Modifier,897.7214684756584
TCP11X2,569,580,42.296512603759766,0.0007138606,-1.0201095828322502,0.8461617537659234,0.8533452135093078,900,1,2,0.0013527141,938,909,0.0009831273,2.6425347e-05,Tier 2: Physiological Homeostasis Modifier,900.733439744613
HSCB,714,240,41.49809646606445,0.00071332214,-1.0201330048030053,0.8461673071764191,0.8533452135093078,901,1,2,0.0013645879,935,910,4.5783818e-05,0.0009630037,Tier 2: Physiological Homeostasis Modifier,901.7326416600159
CCK,705,131,40.593955993652344,0.00070799066,-1.0203649138930797,0.8462222862668578,0.8533452135093078,902,1,2,0.0014020695,914,911,0.00011605397,0.00088519533,Tier 2: Physiological Homeostasis Modifier,902.7246608140463
TIMP1,695,219,41.147220611572266,0.0006193728,-1.0242196197677969,0.8471342231141545,0.8533452135093078,918,1,2,0.001427918,903,912,0.00055814907,0.00031777727,Tier 2: Physiological Homeostasis Modifier,903.7266560255387
SMPX,716,88,39.035133361816406,0.0006971245,-1.020837570881046,0.8463342996056562,0.8533452135093078,903,1,2,0.0013935048,918,912,0.0008782372,0.00010764541,Tier 2: Physiological Homeostasis Modifier,903.7266560255387
CFAP100,645,642,40.75408935546875,0.0006170755,-1.0243195478839349,0.8471578160765865,0.8533452135093078,920,1,2,0.0014184242,904,914,0.0005967482,0.000275929,Tier 2: Physiological Homeostasis Modifier,904.7278531524341
RIPPLY2,667,108,30.189369201660156,0.00066759856,-1.0221218922850446,0.8466383935911181,0.8533452135093078,906,1,2,0.0014146179,906,915,0.00018126518,0.00076286215,Tier 2: Physiological Homeostasis Modifier,906.7230646448523
C20orf144,563,193,38.6797981262207,0.000663287,-1.022309436823597,0.8466827658906613,0.8533452135093078,907,1,2,0.0014080865,911,916,0.00016984157,0.0007681879,Tier 2: Physiological Homeostasis Modifier,907.7254588986433
TEN1,719,124,40.10462951660156,0.0006192081,-1.0242267838999206,0.8471359146413893,0.8533452135093078,919,1,2,0.0014118367,907,917,0.00063123554,0.0002444588,Tier 2: Physiological Homeostasis Modifier,907.7286512370312
FBXO15,687,527,41.78976821899414,0.00058698386,-1.0256284761461145,0.8474666302046578,0.8533452135093078,930,1,2,0.0014113692,908,918,0.00034279004,0.0004873301,Tier 2: Physiological Homeostasis Modifier,908.733439744613
GRIK4,660,974,34.29576873779297,0.000621754,-1.0241160421635886,0.8471097659612692,0.8533452135093078,917,1,2,0.0014098049,909,919,0.00064691436,0.00023237709,Tier 2: Physiological Homeostasis Modifier,909.7286512370312
IFIT3,598,518,40.88935089111328,0.0005919803,-1.0254111406494024,0.8474153831443978,0.8533452135093078,926,1,2,0.0014063799,912,920,0.0005502219,0.0002869647,Tier 2: Physiological Homeostasis Modifier,912.733439744613
BBS12,681,764,42.199920654296875,0.0006272816,-1.023875602232032,0.8470529823336244,0.8533452135093078,914,1,2,0.0013420604,945,921,0.00082632154,6.0786027e-05,Tier 2: Physiological Homeostasis Modifier,914.7418196328811
H1-8,652,454,36.07448959350586,0.0005897748,-1.0255070756427174,0.8474380057371154,0.8533452135093078,928,1,2,0.0014006965,915,922,0.00026488304,0.0005691834,Tier 2: Physiological Homeostasis Modifier,915.7354349561053
PPCS,727,142,41.321876525878906,0.0005604476,-1.0267827522402904,0.8477386136377288,0.8533452135093078,939,1,2,0.0013960963,916,923,0.00037960336,0.00041298848,Tier 2: Physiological Homeostasis Modifier,916.7402234636871
APOL6,556,399,36.2439079284668,0.00062253,-1.0240822876612932,0.8471017951543935,0.8533452135093078,916,1,2,0.0013157707,957,924,1.6880222e-05,0.0008635102,Tier 2: Physiological Homeostasis Modifier,916.7474062250599
SNRNP70,697,480,39.36823272705078,0.0005747638,-1.026160025171011,0.8475919197464317,0.8533452135093078,934,1,2,0.0013941018,917,925,0.00053803995,0.00027479907,Tier 2: Physiological Homeostasis Modifier,917.7386272944932
STMND1,666,294,41.95615768432617,0.0005989821,-1.0251065758630986,0.8473435484598435,0.8533452135093078,924,1,2,0.0013875484,920,926,0.00019717682,0.00064991275,Tier 2: Physiological Homeostasis Modifier,920.7358339984038
DHX33,679,722,41.49831771850586,0.00061177905,-1.0245499332366184,0.8472122007051872,0.8533452135093078,921,1,2,0.0013485746,943,927,0.00077952817,8.5657695e-05,Tier 2: Physiological Homeostasis Modifier,921.7438148443736
BPHL,684,295,41.539798736572266,0.0005460368,-1.027409594226989,0.8478861821690783,0.8533452135093078,945,1,2,0.0013852861,921,928,0.00041981786,0.00035239419,Tier 2: Physiological Homeostasis Modifier,921.7446129289705
SCGB1C2,683,104,29.52139663696289,0.00060558296,-1.024819451192968,0.8472758066618533,0.8533452135093078,922,1,2,0.0013732202,930,929,0.00070845895,0.00014796341,Tier 2: Physiological Homeostasis Modifier,922.7390263367917
CCL22,719,94,29.270652770996097,0.0005554794,-1.0269988593515067,0.8477894994055271,0.8533452135093078,941,1,2,0.0013842697,922,930,0.00028388202,0.00050168775,Tier 2: Physiological Homeostasis Modifier,922.743415802075
GTDC1,716,471,41.8167724609375,0.00059968873,-1.025075838821917,0.8473362975717607,0.8533452135093078,923,1,2,0.0013666534,934,931,0.00013816729,0.00070991786,Tier 2: Physiological Homeostasis Modifier,923.7410215482842
CD48,673,281,37.714656829833984,0.0005506214,-1.0272101729754126,0.8478392455529804,0.8533452135093078,943,1,2,0.0013839662,923,932,0.00047582388,0.0003028731,Tier 2: Physiological Homeostasis Modifier,923.7446129289705
LRRC51,722,194,36.99962615966797,0.0005711011,-1.0263193455518838,0.8476294592823918,0.8533452135093078,937,1,2,0.00137958,924,933,0.0005883351,0.00021932408,Tier 2: Physiological Homeostasis Modifier,924.7426177174781
CEP68,677,774,41.87606048583984,0.0005479611,-1.027325890890949,0.8478664825743888,0.8533452135093078,944,1,2,0.0013784992,925,934,0.00027592108,0.00049901265,Tier 2: Physiological Homeostasis Modifier,925.745810055866
DOCK1,596,1910,41.32722473144531,0.0005981836,-1.0251413090719683,0.8473517417715454,0.8533452135093078,925,1,2,0.0013158155,956,935,0.0008134842,3.247615e-05,Tier 2: Physiological Homeostasis Modifier,925.7505985634477
HIGD2A,702,128,41.00971984863281,0.0005584372,-1.0268702007601547,0.8477592061069301,0.8533452135093078,940,1,2,0.0013769501,926,936,0.00055299886,0.00023675128,Tier 2: Physiological Homeostasis Modifier,926.7446129289705
POLD3,698,498,41.258846282958984,0.00059126725,-1.0254421569481933,0.8474226973936251,0.8533452135093078,927,1,2,0.0013522845,940,937,0.0001126118,0.00072356546,Tier 2: Physiological Homeostasis Modifier,927.7450119712689
SULT6B1,577,268,41.99372100830078,0.00053326716,-1.0279650489211785,0.8480168656076359,0.8533452135093078,947,1,2,0.0013769205,927,938,0.00039172266,0.00036242977,Tier 2: Physiological Homeostasis Modifier,927.7478052673583
C1orf131,688,308,41.71525573730469,0.00057469483,-1.0261630252328966,0.8475926266865222,0.8533452135093078,935,1,2,0.0013758016,928,939,0.00061371736,0.00019902509,Tier 2: Physiological Homeostasis Modifier,928.743415802075
HORMAD1,690,420,44.95671081542969,0.0005878499,-1.0255908050775993,0.8474577482976615,0.8533452135093078,929,1,2,0.0013710302,933,940,0.00016427599,0.00066707144,Tier 2: Physiological Homeostasis Modifier,929.7430167597765
PRUNE1,706,472,41.55757141113281,0.00055507,-1.0270166674613517,0.8477936920973042,0.8533452135093078,942,1,2,0.0013737585,929,941,0.00023097545,0.0005540112,Tier 2: Physiological Homeostasis Modifier,929.7466081404629
UQCC4,707,150,33.546112060546875,0.00058498606,-1.025715376590297,0.847487117872987,0.8533452135093078,931,1,2,0.0013030488,964,942,0.0008090548,1.8239603e-05,Tier 2: Physiological Homeostasis Modifier,931.7561851556264
MGME1,700,363,44.93683624267578,0.0005261233,-1.028275793043302,0.8480899427393445,0.8533452135093078,949,1,2,0.0013711597,932,943,0.00040650554,0.00033754678,Tier 2: Physiological Homeostasis Modifier,932.7505985634477
ARPC5L,713,154,19.76897621154785,0.00058368396,-1.0257720154272028,0.8475004700750017,0.8533452135093078,932,1,2,0.0013283412,949,943,6.745383e-05,0.00075799896,Tier 2: Physiological Homeostasis Modifier,932.7505985634477
TIMM10,721,121,41.678466796875,0.0005829638,-1.0258033409972713,0.8475078545216612,0.8533452135093078,933,1,2,0.0013375774,947,945,8.755177e-05,0.0007368823,Tier 2: Physiological Homeostasis Modifier,933.7501995211493
C3orf33,690,310,41.18086624145508,0.0005101771,-1.0289694219666299,0.84825297797686,0.8533452135093078,954,1,2,0.0013604314,936,946,0.00038156845,0.00033993158,Tier 2: Physiological Homeostasis Modifier,936.754189944134
SRGAP1,669,1089,41.10792922973633,0.00057304336,-1.026234860990507,0.8476095535463692,0.8533452135093078,936,1,2,0.0013204053,955,947,0.00075039454,6.00107e-05,Tier 2: Physiological Homeostasis Modifier,936.7545889864325
AKNAD1,529,817,41.458152770996094,0.0005615356,-1.026735426340165,0.8477274685139825,0.8533452135093078,938,1,2,0.0013247854,953,948,7.9292804e-05,0.00071483664,Tier 2: Physiological Homeostasis Modifier,938.7545889864325
R3HCC1L,707,801,42.16768264770508,0.0005172223,-1.0286629693640892,0.848180961626092,0.8533452135093078,951,1,2,0.0013524861,939,949,0.000500232,0.00023123168,Tier 2: Physiological Homeostasis Modifier,939.754189944134
OR10J5,433,315,41.57029724121094,0.0005221162,-1.0284500941594716,0.848130922596259,0.8533452135093078,950,1,2,0.0013505333,941,950,0.00020935573,0.0005290285,Tier 2: Physiological Homeostasis Modifier,941.7545889864325
DDIT3,729,173,42.090919494628906,0.00051136396,-1.0289177958473072,0.8482408474309793,0.8533452135093078,952,1,2,0.0013499197,942,951,0.00023554265,0.00048763352,Tier 2: Physiological Homeostasis Modifier,942.755786113328
RGS8,718,180,41.51227188110352,0.00048953213,-1.0298674383161823,0.8484638810357599,0.8533452135093078,958,1,2,0.0013421647,944,952,0.0002729036,0.00041939667,Tier 2: Physiological Homeostasis Modifier,944.7589784517158
SLC51B,707,143,33.956214904785156,0.00049090316,-1.0298078011573137,0.84844988103259,0.8533452135093078,957,1,2,0.0013381538,946,953,0.00023721904,0.00045702048,Tier 2: Physiological Homeostasis Modifier,946.7593774940144
OR2C1,455,334,41.33838653564453,0.000540033,-1.0276707479394644,0.8479476338528315,0.8533452135093078,946,1,2,0.0013109208,958,954,0.00069496036,6.876327e-05,Tier 2: Physiological Homeostasis Modifier,946.7597765363129
IDO2,659,441,41.318607330322266,0.0004815159,-1.030216128849604,0.8485457199810624,0.8533452135093078,961,1,2,0.0013300426,948,955,0.00045878533,0.00022218097,Tier 2: Physiological Homeostasis Modifier,948.7617717478053
RGS20,594,456,36.15990447998047,0.0005266322,-1.028253656875495,0.8480847377892309,0.8533452135093078,948,1,2,0.0012876553,974,956,3.138394e-05,0.00071338564,Tier 2: Physiological Homeostasis Modifier,948.7669592976855
ATP5IF1,713,111,30.992334365844727,0.00048293406,-1.0301544416266977,0.8485312439039714,0.8533452135093078,960,1,2,0.0013278371,950,957,0.00020617619,0.00047679362,Tier 2: Physiological Homeostasis Modifier,950.7621707901037
RIPPLY1,677,174,38.7962532043457,0.0004965563,-1.0295619004780534,0.8483921460235195,0.8533452135093078,955,1,2,0.0013277223,951,958,0.0005289139,0.00017332332,Tier 2: Physiological Homeostasis Modifier,951.7605746209098
NCMAP,704,106,41.09351348876953,0.00046468846,-1.0309480900121104,0.8487174183351553,0.8533452135093078,964,1,2,0.0013255525,952,959,0.00039205328,0.00026511564,Tier 2: Physiological Homeostasis Modifier,952.7645650438947
CD7,601,279,33.43537521362305,0.0005105401,-1.0289536321672312,0.8482492679293645,0.8533452135093078,953,1,2,0.001275225,979,960,0.0007026906,1.9321218e-05,Tier 2: Physiological Homeostasis Modifier,953.7709497206704
RNASE13,708,177,34.55453109741211,0.00045867328,-1.0312097387326222,0.8487787626467231,0.8533452135093078,967,1,2,0.0013205789,954,961,0.00039483607,0.00025382862,Tier 2: Physiological Homeostasis Modifier,954.766560255387
SLC35G2,718,413,42.084285736083984,0.0004928448,-1.0297233435647406,0.8484300528865564,0.8533452135093078,956,1,2,0.0012618549,990,962,0.00069030374,6.685732e-06,Tier 2: Physiological Homeostasis Modifier,956.7765363128492
DCP2,706,434,42.003395080566406,0.00043780787,-1.0321173437967186,0.8489914250549284,0.8533452135093078,976,1,2,0.0013093641,959,963,0.00032628886,0.00029286568,Tier 2: Physiological Homeostasis Modifier,959.7721468475659
CDH19,683,801,42.27794647216797,0.0004885441,-1.0299104157142531,0.8484739695766768,0.8533452135093078,959,1,2,0.0012666791,986,964,0.0006710086,1.9897241e-05,Tier 2: Physiological Homeostasis Modifier,959.7761372705506
PDF,682,268,28.133102416992188,0.00045167515,-1.0315141438810091,0.8488501105016322,0.8533452135093078,971,1,2,0.0013092976,960,965,0.0002040267,0.0004347402,Tier 2: Physiological Homeostasis Modifier,960.7705506783719
TMEM91,645,180,41.275394439697266,0.00043743174,-1.0321337047257757,0.848995256783539,0.8533452135093078,978,1,2,0.0013092622,961,966,0.00030136574,0.00031725504,Tier 2: Physiological Homeostasis Modifier,961.7737430167598
PLA2G4D,669,834,41.32659912109375,0.0004376698,-1.032123349575239,0.8489928316154166,0.8533452135093078,977,1,2,0.0013082434,962,967,0.00034969673,0.00026926026,Tier 2: Physiological Homeostasis Modifier,962.7737430167598
PLA2G2E,715,153,41.05773162841797,0.00047639082,-1.0304390599380369,0.8485980273204803,0.8533452135093078,962,1,2,0.0012612656,992,968,1.8965453e-05,0.00065474864,Tier 2: Physiological Homeostasis Modifier,962.7797286512371
C10orf90,592,813,41.06476211547851,0.00047636055,-1.0304403766246149,0.8485983362249754,0.8533452135093078,963,1,2,0.0013032187,963,969,0.0005488384,0.0001248382,Tier 2: Physiological Homeostasis Modifier,963.7685554668794
FOXR1,695,332,42.28260040283203,0.0004323037,-1.0323567645684957,0.8490474909308035,0.8533452135093078,980,1,2,0.0013012601,965,970,0.00022966973,0.0003817014,Tier 2: Physiological Homeostasis Modifier,965.7761372705506
ST6GAL1,717,412,41.64695739746094,0.00046424,-1.0309675971565684,0.8487219924134378,0.8533452135093078,965,1,2,0.0012648451,989,971,0.0006185062,3.8025348e-05,Tier 2: Physiological Homeostasis Modifier,965.7797286512371
IZUMO2,629,231,39.59476089477539,0.0004412937,-1.0319657169194811,0.8489559109707705,0.8533452135093078,975,1,2,0.0012971985,966,972,0.00017249025,0.00045159226,Tier 2: Physiological Homeostasis Modifier,966.7745411013567
MLKL,443,489,41.329139709472656,0.00046000443,-1.031151836276784,0.8487651886717114,0.8533452135093078,966,1,2,0.0012548376,997,973,0.00063080154,1.9745901e-05,Tier 2: Physiological Homeostasis Modifier,966.7833200319234
RNF212,652,260,36.23893737792969,0.00045641884,-1.0313078025214815,0.8488017497266198,0.8533452135093078,968,1,2,0.0012957737,967,974,0.00013388507,0.00051158806,Tier 2: Physiological Homeostasis Modifier,967.7721468475659
S100B,690,95,42.05590057373047,0.00044937257,-1.0316143016669568,0.848873581038774,0.8533452135093078,973,1,2,0.0012945195,968,975,0.0004927367,0.00014277315,Tier 2: Physiological Homeostasis Modifier,968.7745411013567
UPK2,715,190,41.56623840332031,0.000453607,-1.0314301121345408,0.8488304169992509,0.8533452135093078,969,1,2,0.0012906364,971,976,0.00052017346,0.000121323166,Tier 2: Physiological Homeostasis Modifier,969.7741420590582
SCYL3,701,773,42.93266296386719,0.0004169874,-1.0330229940575506,0.8492034309535819,0.8533452135093078,987,1,2,0.0012944625,969,977,0.00027232245,0.00031738658,Tier 2: Physiological Homeostasis Modifier,969.780526735834
C2orf50,522,176,36.634620666503906,0.00041874638,-1.0329464818224376,0.8491855276832446,0.8533452135093078,985,1,2,0.0012924747,970,978,0.00022755936,0.00036463886,Tier 2: Physiological Homeostasis Modifier,970.7801276935355
RBM42,708,463,37.7860107421875,0.00045283602,-1.0314636482765251,0.8488382766632391,0.8533452135093078,970,1,2,0.0012552178,996,979,0.000613112,2.7296166e-05,Tier 2: Physiological Homeostasis Modifier,970.7845171588189
GRK4,625,597,42.37187194824219,0.00042586215,-1.0326369595610998,0.8491130874310663,0.8533452135093078,982,1,2,0.0012897869,972,980,0.00042261742,0.00017964281,Tier 2: Physiological Homeostasis Modifier,972.7797286512371
COA5,722,74,31.306867599487305,0.00045010488,-1.0315824475953383,0.8488661167580391,0.8533452135093078,972,1,2,0.001265827,987,981,5.5331737e-05,0.000581214,Tier 2: Physiological Homeostasis Modifier,972.7817238627295
TCL1B,458,141,38.462154388427734,0.00041063083,-1.0332994925841685,0.8492681176707684,0.8533452135093078,990,1,2,0.0012886267,973,982,0.0003376715,0.00024305098,Tier 2: Physiological Homeostasis Modifier,973.7833200319234
SYNDIG1L,721,262,43.97745513916016,0.0004436414,-1.0318635965006167,0.8489319891694684,0.8533452135093078,974,1,2,0.0012799737,977,983,0.0005241968,0.00010320591,Tier 2: Physiological Homeostasis Modifier,974.7785315243416
ADIG,692,97,41.26969909667969,0.00042224687,-1.0327942172634945,0.8491498947459638,0.8533452135093078,984,1,2,0.0012840349,975,984,0.00016117096,0.00043597585,Tier 2: Physiological Homeostasis Modifier,975.7817238627295
PLPP5,660,273,41.33024978637695,0.00043089036,-1.0324182421307049,0.849061885079081,0.8533452135093078,981,1,2,0.0012826228,976,985,0.000474344,0.00013502594,Tier 2: Physiological Homeostasis Modifier,976.7809257781324
SCGB1C1,683,105,29.52139663696289,0.0004178112,-1.0329871603475107,0.8491950463191738,0.8533452135093078,986,1,2,0.0012787696,978,986,0.0004423801,0.00014849473,Tier 2: Physiological Homeostasis Modifier,978.7837190742218
NOSTRIN,701,511,41.28766250610352,0.00043540215,-1.0322219879736025,0.849015931598363,0.8533452135093078,979,1,2,0.0012529987,998,987,3.9970502e-05,0.00057578273,Tier 2: Physiological Homeostasis Modifier,979.7889066241022
FAR2,681,518,41.35089492797851,0.00038950448,-1.0342184480346426,0.8494829741592793,0.8533452135093078,995,1,2,0.0012750443,980,988,0.00029733405,0.0002535074,Tier 2: Physiological Homeostasis Modifier,980.7881085395052
PPCDC,718,258,40.0834846496582,0.0003848005,-1.034423062085812,0.8495307861893138,0.8533452135093078,996,1,2,0.0012711867,981,989,0.00030612946,0.0002380647,Tier 2: Physiological Homeostasis Modifier,981.7889066241022
TEX36,707,190,41.84469985961914,0.00039279193,-1.0340754503045253,0.8494495539673049,0.8533452135093078,992,1,2,0.001268194,982,990,0.00016727857,0.00038820994,Tier 2: Physiological Homeostasis Modifier,982.7877094972067
TP53INP1,722,270,41.45325469970703,0.00042341923,-1.0327432218661867,0.8491379595553277,0.8533452135093078,983,1,2,0.0012656169,988,991,0.00050893426,8.987333e-05,Tier 2: Physiological Homeostasis Modifier,983.7865123703112
FAM162A,713,156,40.61012268066406,0.00040275074,-1.0336422612903449,0.8493482826165317,0.8533452135093078,991,1,2,0.0012675073,983,992,0.00043378398,0.00013578928,Tier 2: Physiological Homeostasis Modifier,983.7877094972067
PPP1R10,707,1128,41.86310958862305,0.0004111674,-1.0332761528247658,0.8492626580576873,0.8533452135093078,989,1,2,0.0012673021,984,993,0.00046468526,0.00011680019,Tier 2: Physiological Homeostasis Modifier,984.7873104549083
PCLAF,692,115,39.59580612182617,0.000377829,-1.0347263088805956,0.8496016270565738,0.8533452135093078,1001,1,2,0.0012669564,985,994,0.00025089085,0.00028344,Tier 2: Physiological Homeostasis Modifier,985.7924980047885
CLIC4,702,260,41.61811065673828,0.00041266924,-1.0332108256833648,0.8492473760983507,0.8533452135093078,988,1,2,0.0012554603,995,995,0.00050847046,7.513224e-05,Tier 2: Physiological Homeostasis Modifier,988.791300877893
CCR5,708,361,41.44590759277344,0.00038315594,-1.0344945972717587,0.8495474993817107,0.8533452135093078,997,1,2,0.001261455,991,996,0.00038069487,0.00016117335,Tier 2: Physiological Homeostasis Modifier,991.7932960893854
GJB4,690,290,39.03730773925781,0.00038979802,-1.0342056796111843,0.8494799902347921,0.8533452135093078,994,1,2,0.0012608446,993,997,0.0001383014,0.0004129554,Tier 2: Physiological Homeostasis Modifier,993.792897047087
KCNE5,653,159,27.62905502319336,0.00039079646,-1.034162249398205,0.8494698404898017,0.8533452135093078,993,1,2,0.0012269276,1021,998,2.521649e-05,0.0005274536,Tier 2: Physiological Homeostasis Modifier,993.803671189146
CXCR1,588,365,41.53390884399414,0.00036903122,-1.035108995330601,0.8496909939397612,0.8533452135093078,1008,1,2,0.0012602631,994,999,0.00029024994,0.00023163855,Tier 2: Physiological Homeostasis Modifier,994.7988826815642
GORAB,713,390,41.444183349609375,0.0003818805,-1.0345500764501192,0.8495604604616973,0.8533452135093078,998,1,2,0.0012505467,1000,1000,0.00042733178,0.00011272752,Tier 2: Physiological Homeostasis Modifier,998.7972865123703
ECM1,700,600,42.06220626831055,0.0003742021,-1.0348840720305634,0.8496384729964666,0.8533452135093078,1006,1,2,0.0012506135,999,1001,0.00039760023,0.00013160211,Tier 2: Physiological Homeostasis Modifier,999.8000798084597
RBFA,651,422,41.940040588378906,0.00038047414,-1.0346112503957998,0.8495747510944011,0.8533452135093078,999,1,2,0.0012380227,1008,1002,7.065199e-05,0.00046741823,Tier 2: Physiological Homeostasis Modifier,999.8008778930566
NDUFB2,693,105,31.32417106628418,0.00038045505,-1.0346120807739554,0.8495749450699324,0.8533452135093078,1000,1,2,0.0012336733,1012,1003,0.00048082322,5.722232e-05,Tier 2: Physiological Homeostasis Modifier,1000.8028731045491
NXPE4,481,562,41.832637786865234,0.00037268735,-1.0349499607320478,0.849653859670754,0.8533452135093078,1007,1,2,0.0012480178,1001,1004,0.00040351693,0.00012353808,Tier 2: Physiological Homeostasis Modifier,1001.8012769353552
SPICE1,685,942,42.63641357421875,0.00037733867,-1.034747637289243,0.8496066087062102,0.8533452135093078,1002,1,2,0.0012383289,1007,1005,7.684156e-05,0.00045679556,Tier 2: Physiological Homeostasis Modifier,1002.8016759776536
PIGH,722,203,37.12992858886719,0.00034599716,-1.036110932484134,0.8499248037550713,0.8533452135093078,1017,1,2,0.0012443864,1002,1006,0.00026298687,0.00022632582,Tier 2: Physiological Homeostasis Modifier,1002.8056664006384
TRPV2,656,786,41.84070587158203,0.00035973266,-1.035513464744085,0.8497854092187538,0.8533452135093078,1012,1,2,0.0012443415,1003,1007,0.00014220923,0.00036653178,Tier 2: Physiological Homeostasis Modifier,1003.8040702314445
RPS19BP1,700,139,36.224456787109375,0.0003770687,-1.0347593804631925,0.849609351497679,0.8533452135093078,1003,1,2,0.0012205457,1028,1008,2.5030226e-05,0.0005082267,Tier 2: Physiological Homeostasis Modifier,1003.8104549082203
CERS4,667,399,41.73762893676758,0.00037675374,-1.0347730806153097,0.8496125513281387,0.8533452135093078,1004,1,2,0.0012321871,1014,1009,5.8236532e-05,0.00047457404,Tier 2: Physiological Homeostasis Modifier,1004.80526735834
OSGIN1,688,487,37.79816055297851,0.0003461906,-1.0361025182174792,0.8499228412307371,0.8533452135093078,1016,1,2,0.0012433227,1004,1010,0.00020199269,0.00028759614,Tier 2: Physiological Homeostasis Modifier,1004.806065442937
MBD4,690,677,40.7462158203125,0.00033957115,-1.0363904515167306,0.8499899884110922,0.8533452135093078,1026,1,2,0.0012400617,1005,1011,0.00023218803,0.00024803635,Tier 2: Physiological Homeostasis Modifier,1005.8104549082203
IFNAR2,677,623,41.67655563354492,0.00037539762,-1.0348320692179551,0.849626328286766,0.8533452135093078,1005,1,2,0.001220121,1030,1012,2.5954098e-05,0.00050493795,Tier 2: Physiological Homeostasis Modifier,1005.8120510774143
TRMT6,716,516,41.71845626831055,0.00034109072,-1.036324353154549,0.8499745757841806,0.8533452135093078,1024,1,2,0.0012390071,1006,1013,0.00029320642,0.00018916791,Tier 2: Physiological Homeostasis Modifier,1006.8100558659218
NIFK,664,334,42.40703582763672,0.0003688014,-1.035118992057041,0.849693327951726,0.8533452135093078,1009,1,2,0.0012302977,1016,1014,6.473623e-05,0.00045682723,Tier 2: Physiological Homeostasis Modifier,1009.8080606544294
SPTLC3,677,599,41.33313751220703,0.00034193788,-1.0362875033295946,0.8499659827890922,0.8533452135093078,1022,1,2,0.0012370707,1009,1015,0.00031829998,0.00016527041,Tier 2: Physiological Homeostasis Modifier,1009.8104549082203
HES2,656,227,31.62506103515625,0.00036772375,-1.0351658677521423,0.8497042720556272,0.8533452135093078,1010,1,2,0.0012326206,1013,1016,0.0004458269,7.421337e-05,Tier 2: Physiological Homeostasis Modifier,1010.8072625698323
SLC35A4,711,331,40.10886001586914,0.00034771545,-1.0360361901854882,0.8499073704330525,0.8533452135093078,1015,1,2,0.0012345979,1010,1017,0.000364393,0.00012735242,Tier 2: Physiological Homeostasis Modifier,1010.8080606544294
LRG1,684,386,39.233375549316406,0.0003455229,-1.0361315618787972,0.8499296152355638,0.8533452135093078,1018,1,2,0.0012341321,1011,1018,0.00013172999,0.0003569089,Tier 2: Physiological Homeostasis Modifier,1011.8096568236233
C12orf43,692,316,38.29326629638672,0.00036275457,-1.0353820174914672,0.8497547298284076,0.8533452135093078,1011,1,2,0.0012247595,1026,1019,5.6782737e-05,0.00045622862,Tier 2: Physiological Homeostasis Modifier,1011.8128491620112
LRRC19,717,389,40.93325424194336,0.00035325834,-1.0357950851684419,0.8498511245157739,0.8533452135093078,1013,1,2,0.0012255452,1022,1020,0.00042386726,7.571513e-05,Tier 2: Physiological Homeostasis Modifier,1013.8120510774143
PAFAH1B1,698,410,41.820281982421875,0.00034914952,-1.0359738109082888,0.8498928196994715,0.8533452135093078,1014,1,2,0.0012252332,1024,1021,0.00041119754,8.2574086e-05,Tier 2: Physiological Homeostasis Modifier,1014.8132482043096
GPR87,718,367,41.5388069152832,0.00033832152,-1.0364448080099051,0.850002662311479,0.8533452135093078,1027,1,2,0.0012310743,1015,1022,0.00013870373,0.00033975387,Tier 2: Physiological Homeostasis Modifier,1015.8148443735035
SLC25A51,567,305,41.709617614746094,0.00034191692,-1.0362884150491412,0.8499661953965465,0.8533452135093078,1023,1,2,0.0012294474,1017,1023,0.00011806004,0.0003654845,Tier 2: Physiological Homeostasis Modifier,1017.8140462889066
CD14,692,424,41.35425567626953,0.0003438096,-1.0362060871220735,0.8499469962146842,0.8533452135093078,1019,1,2,0.0012283525,1018,1024,0.00037856027,0.00010766182,Tier 2: Physiological Homeostasis Modifier,1018.8128491620112
CCDC70,666,264,40.85562515258789,0.0003254409,-1.0370050901198995,0.8501332575271209,0.8533452135093078,1033,1,2,0.0012275906,1019,1025,0.00017432496,0.0002859179,Tier 2: Physiological Homeostasis Modifier,1019.8188347964884
DFFA,685,338,42.47050094604492,0.00032388518,-1.0370727609373107,0.8501490256699792,0.8533452135093078,1035,1,2,0.0012275357,1020,1026,0.00027177297,0.00018627243,Tier 2: Physiological Homeostasis Modifier,1020.8200319233839
NR1H4,707,480,41.478485107421875,0.00034239033,-1.0362678226278375,0.8499613933201488,0.8533452135093078,1020,1,2,0.0012047808,1042,1027,0.00045742653,2.6786583e-05,Tier 2: Physiological Homeostasis Modifier,1020.8228252194733
ARHGAP45,629,1225,37.921756744384766,0.00034194766,-1.0362870779184703,0.8499658835857361,0.8533452135093078,1021,1,2,0.0012224219,1027,1028,0.0003968859,8.669868e-05,Tier 2: Physiological Homeostasis Modifier,1021.8172386272945
CCL5,720,94,40.739540100097656,0.0003209736,-1.037199409047869,0.8501785332829004,0.8533452135093078,1036,1,2,0.0012254233,1023,1029,0.0002704151,0.00018350902,Tier 2: Physiological Homeostasis Modifier,1023.8216280925778
IMPG1,613,789,41.78148651123047,0.00033278577,-1.0366856024507318,0.850058797978233,0.8533452135093078,1030,1,2,0.0012249952,1025,1030,0.00012240792,0.0003482215,Tier 2: Physiological Homeostasis Modifier,1025.8200319233838
PLIN2,674,462,41.75205993652344,0.00033957371,-1.0363903401616716,0.8499899624465261,0.8533452135093078,1025,1,2,0.0012037567,1046,1031,2.7773902e-05,0.00045245653,Tier 2: Physiological Homeostasis Modifier,1025.8264166001595
AKAP14,604,161,37.75591278076172,0.00033398485,-1.0366334447849943,0.8500466398109601,0.8533452135093078,1028,1,2,0.0012118135,1037,1032,0.0004096548,6.267056e-05,Tier 2: Physiological Homeostasis Modifier,1028.8240223463688
RMDN2,650,413,41.36116409301758,0.000333347,-1.0366611900289235,0.8500531074237344,0.8533452135093078,1029,1,2,0.001217872,1034,1033,0.0003841892,8.723512e-05,Tier 2: Physiological Homeostasis Modifier,1029.8232242617717
C14orf132,702,97,31.13155746459961,0.00031165557,-1.0376047253687752,0.8502729414650134,0.8533452135093078,1040,1,2,0.0012203564,1029,1034,0.00022521615,0.00021553505,Tier 2: Physiological Homeostasis Modifier,1029.8256185155626
CDHR4,654,816,41.77210235595703,0.00033058855,-1.0367811772800275,0.8500810751596446,0.8533452135093078,1031,1,2,0.001219309,1033,1035,0.00036729127,0.0001002308,Tier 2: Physiological Homeostasis Modifier,1031.8236233040702
EXOC3L1,708,752,41.24967193603515,0.00032035625,-1.0372262625813637,0.8501847893620001,0.8533452135093078,1037,1,2,0.0012198318,1031,1036,0.00013591349,0.0003171382,Tier 2: Physiological Homeostasis Modifier,1031.8252194732643
BTN1A1,620,540,41.73333740234375,0.00031182286,-1.0375974485766501,0.8502712468703393,0.8533452135093078,1039,1,2,0.0012196497,1032,1037,0.00025255512,0.00018842891,Tier 2: Physiological Homeostasis Modifier,1032.8264166001595
TMEM154,719,213,41.6998405456543,0.00033050613,-1.0367847623909543,0.8500819107568607,0.8533452135093078,1032,1,2,0.0012047542,1043,1038,4.472211e-05,0.00042268285,Tier 2: Physiological Homeostasis Modifier,1032.8280127693536
KSR1,654,957,41.982608795166016,0.00032456068,-1.037043377991047,0.850142179213651,0.8533452135093078,1034,1,2,0.0012006185,1048,1039,0.00041793566,4.1062012e-05,Tier 2: Physiological Homeostasis Modifier,1034.8308060654429
CABP2,712,210,41.16960525512695,0.00031029046,-1.0376641050190694,0.8502867691184186,0.8533452135093078,1041,1,2,0.0012137152,1035,1040,0.00013607368,0.00030274718,Tier 2: Physiological Homeostasis Modifier,1035.8284118116521
ILKAP,698,398,41.97014999389648,0.00031027035,-1.0376649797652566,0.8502869728129321,0.8533452135093078,1042,1,2,0.0012121581,1036,1041,0.0003133379,0.00012545311,Tier 2: Physiological Homeostasis Modifier,1036.829209896249
LYRM2,684,93,40.71193313598633,0.0003163115,-1.0374022013998678,0.8502257735925267,0.8533452135093078,1038,1,2,0.001204826,1041,1042,7.183291e-05,0.00037549774,Tier 2: Physiological Homeostasis Modifier,1038.8296089385474
SURF4,674,301,38.88933563232422,0.0003003982,-1.0380943992366938,0.8503869456552766,0.8533452135093078,1047,1,2,0.0012116058,1038,1043,0.00018112361,0.0002437029,Tier 2: Physiological Homeostasis Modifier,1038.8320031923383
SELENOT,715,209,36.39199447631836,0.00029159753,-1.0384772113961211,0.8504760303179916,0.8533452135093078,1053,1,2,0.0012061902,1039,1044,0.00020544603,0.00020693516,Tier 2: Physiological Homeostasis Modifier,1039.8347964884279
POLK,698,899,41.70204162597656,0.0002946022,-1.0383465140502297,0.8504456195674517,0.8533452135093078,1050,1,2,0.0012050713,1040,1045,0.00014570542,0.00027092558,Tier 2: Physiological Homeostasis Modifier,1040.8339984038307
PEX11A,706,257,43.33505630493164,0.0003102247,-1.0376669654521506,0.8502874352018298,0.8533452135093078,1043,1,2,0.0011863878,1064,1046,1.8846244e-05,0.00041987584,Tier 2: Physiological Homeostasis Modifier,1043.840782122905
CCN6,713,374,41.167213439941406,0.00030609334,-1.0378466716384946,0.8503292778068305,0.8533452135093078,1044,1,2,0.0012045238,1044,1047,9.6037984e-05,0.00033684456,Tier 2: Physiological Homeostasis Modifier,1044.8332003192338
CENPI,653,716,43.38779067993164,0.0003029378,-1.0379839315382022,0.8503612320055346,0.8533452135093078,1045,1,2,0.0011993143,1050,1048,0.0003486937,7.97254e-05,Tier 2: Physiological Homeostasis Modifier,1045.8359936153233
PCED1A,717,425,41.6268196105957,0.00029214413,-1.0384534353510766,0.8504704983981932,0.8533452135093078,1051,1,2,0.0012039773,1045,1049,0.00015058368,0.00026256754,Tier 2: Physiological Homeostasis Modifier,1045.8363926576217
CD9,719,228,41.05010986328125,0.0003006006,-1.0380855952273322,0.8503848964474907,0.8533452135093078,1046,1,2,0.0011801202,1067,1050,1.42380595e-05,0.00041087333,Tier 2: Physiological Homeostasis Modifier,1046.843176376696
FAM234A,706,588,41.05718994140625,0.0002889587,-1.0385919954080955,0.8505027349387162,0.8533452135093078,1055,1,2,0.0012034946,1047,1051,0.00023593381,0.0001727147,Tier 2: Physiological Homeostasis Modifier,1047.8387869114126
TEX38,701,249,41.4036865234375,0.00029527687,-1.0383171672073641,0.850438790555957,0.8533452135093078,1048,1,2,0.0011882668,1060,1052,5.127676e-05,0.00036630768,Tier 2: Physiological Homeostasis Modifier,1048.8411811652036
AMER3,685,923,41.73492813110352,0.0002917425,-1.0384709054809178,0.8504745631479613,0.8533452135093078,1052,1,2,0.0011998123,1049,1053,0.00011787377,0.0002947126,Tier 2: Physiological Homeostasis Modifier,1049.838387869114
TLR3,708,909,42.092525482177734,0.00029515804,-1.0383223360830185,0.850439993368624,0.8533452135093078,1049,1,2,0.0011948735,1056,1054,7.939711e-05,0.0003380176,Tier 2: Physiological Homeostasis Modifier,1049.839984038308
STOM,719,293,39.62822341918945,0.00028340422,-1.0388336045677729,0.85055893516057,0.8533452135093078,1062,1,2,0.0011990505,1051,1055,0.00016019493,0.00024059862,Tier 2: Physiological Homeostasis Modifier,1051.843176376696
BTBD16,667,527,41.26151657104492,0.00028355978,-1.0388268380080086,0.8505573613966502,0.8533452135093078,1061,1,2,0.0011989019,1052,1056,0.00024439674,0.00015661633,Tier 2: Physiological Homeostasis Modifier,1052.843176376696
GHR,682,670,42.67364501953125,0.0002811657,-1.0389309758673582,0.8505815805157627,0.8533452135093078,1063,1,2,0.0011985374,1053,1057,0.00021708757,0.0001805441,Tier 2: Physiological Homeostasis Modifier,1053.8443735035914
NME1,700,160,41.551780700683594,0.00028690192,-1.038681461368445,0.8505235470806183,0.8533452135093078,1056,1,2,0.0011971734,1054,1058,0.00012009218,0.0002856474,Tier 2: Physiological Homeostasis Modifier,1054.8419792498005
CPLX3,724,158,33.04480743408203,0.00029072555,-1.038515140843172,0.8504848549957749,0.8533452135093078,1054,1,2,0.001193946,1057,1059,0.0003239736,8.71745e-05,Tier 2: Physiological Homeostasis Modifier,1054.842378292099
MLPH,648,499,37.77901840209961,0.0002782056,-1.0390597345042711,0.8506115220138158,0.8533452135093078,1064,1,2,0.0011948877,1055,1060,0.00014987588,0.00024356693,Tier 2: Physiological Homeostasis Modifier,1055.845570630487
AQP6,681,301,38.4961051940918,0.00028508645,-1.0387604308095302,0.8505419158484293,0.8533452135093078,1057,1,2,0.0011718379,1073,1061,0.00039064698,1.252396e-05,Tier 2: Physiological Homeostasis Modifier,1057.8499600957703
MTUS2,639,1450,41.61336517333984,0.00028493907,-1.0387668415550821,0.8505434069603479,0.8533452135093078,1058,1,2,0.0011864611,1063,1062,0.0003358256,6.713951e-05,Tier 2: Physiological Homeostasis Modifier,1058.8463687150838
HNRNPA0,686,348,35.42107391357422,0.00027372595,-1.0392545906334045,0.8506568261869134,0.8533452135093078,1066,1,2,0.0011934784,1058,1063,0.00018405169,0.00020305626,Tier 2: Physiological Homeostasis Modifier,1058.8475658419793
GUK1,706,199,37.00536346435547,0.00027505954,-1.0391965820422755,0.850643340111805,0.8533452135093078,1065,1,2,0.001189735,1059,1064,0.0002699159,0.00011907765,Tier 2: Physiological Homeostasis Modifier,1059.8475658419793
CFAP20DC,655,858,41.75591278076172,0.000283811,-1.0388159104228711,0.8505548198396591,0.8533452135093078,1059,1,2,0.0011719618,1072,1065,1.4978461e-05,0.0003863899,Tier 2: Physiological Homeostasis Modifier,1059.8503591380686
FDXR,686,494,41.1996955871582,0.0002837209,-1.0388198295989752,0.850555731371856,0.8533452135093078,1060,1,2,0.0011840629,1066,1066,0.00034161657,5.9625134e-05,Tier 2: Physiological Homeostasis Modifier,1060.8483639265762
G6PC3,728,346,41.92558670043945,0.0002728406,-1.039293101649651,0.8506657789368429,0.8533452135093078,1067,1,2,0.0011875358,1061,1067,0.00011274591,0.00027310383,Tier 2: Physiological Homeostasis Modifier,1061.8491620111731
CDK15,692,446,42.22721099853515,0.0002653147,-1.0396204637744249,0.8507418671402862,0.8533452135093078,1070,1,2,0.0011871904,1062,1068,0.00016542152,0.00020978786,Tier 2: Physiological Homeostasis Modifier,1062.8507581803672
GPRC5D,690,351,43.47832489013672,0.0002617159,-1.0397770046286268,0.8507782425054045,0.8533452135093078,1073,1,2,0.0011844176,1065,1069,0.00021266937,0.00015745219,Tier 2: Physiological Homeostasis Modifier,1065.8531524341581
HELT,719,258,37.181846618652344,0.0002688315,-1.0394674897619607,0.8507063148819152,0.8533452135093078,1068,1,2,0.001176667,1069,1070,0.00031649694,6.368873e-05,Tier 2: Physiological Homeostasis Modifier,1068.8527533918596
CCDC28A,714,207,44.35500717163086,0.00026189187,-1.0397693502732546,0.8507764640021327,0.8533452135093078,1072,1,2,0.001179189,1068,1071,0.00010089204,0.0002694757,Tier 2: Physiological Homeostasis Modifier,1068.853950518755
TIGIT,722,286,43.32027053833008,0.0002657493,-1.0396015595132169,0.850737473960471,0.8533452135093078,1069,1,2,0.0011703514,1075,1072,4.3477863e-05,0.00033234787,Tier 2: Physiological Homeostasis Modifier,1069.8555466879488
SLC26A5,699,762,36.71134567260742,0.0002516128,-1.040216469979323,0.850880329336527,0.8533452135093078,1079,1,2,0.001174925,1070,1073,0.00011856109,0.00023727061,Tier 2: Physiological Homeostasis Modifier,1070.8575418994412
CFAP68,711,157,37.99617767333984,0.00024726964,-1.0404053890568865,0.8509242004815067,0.8533452135093078,1082,1,2,0.0011748458,1071,1074,0.00017418899,0.0001755032,Tier 2: Physiological Homeostasis Modifier,1071.8591380686353
FBXL4,714,621,41.65439987182617,0.0002651853,-1.0396260924246787,0.8507431751711623,0.8533452135093078,1071,1,2,0.0011586269,1088,1075,0.0003727302,2.2992026e-06,Tier 2: Physiological Homeostasis Modifier,1071.8615323224262
EDEM2,701,606,41.40251159667969,0.00024162105,-1.0406510918199283,0.8509812451422288,0.8533452135093078,1084,1,2,0.0011706811,1074,1076,0.00018502958,0.00015667581,Tier 2: Physiological Homeostasis Modifier,1074.8611332801277
ILF2,714,397,41.13022994995117,0.00026164774,-1.039779969457076,0.8507789313848373,0.8533452135093078,1074,1,2,0.001160008,1087,1077,0.00035715103,1.2875178e-05,Tier 2: Physiological Homeostasis Modifier,1074.8623304070231
CLRN1,711,233,41.58638000488281,0.00025768945,-1.0399521474324505,0.8508189333843039,0.8533452135093078,1075,1,2,0.0011697006,1076,1078,0.00030384958,6.0580904e-05,Tier 2: Physiological Homeostasis Modifier,1075.8583399840384
POLR2M,713,385,41.296836853027344,0.00025526236,-1.0400577211630897,0.8508434577198605,0.8533452135093078,1076,1,2,0.0011686991,1080,1079,6.248057e-05,0.0002985145,Tier 2: Physiological Homeostasis Modifier,1076.8603351955308
REM1,711,300,41.98530578613281,0.00025437342,-1.0400963883374073,0.850852439268827,0.8533452135093078,1077,1,2,0.0011673047,1083,1080,0.00030161813,5.8117905e-05,Tier 2: Physiological Homeostasis Modifier,1077.8619313647246
CHCHD5,720,118,28.92557907104492,0.0002414151,-1.0406600502474384,0.8509833247393195,0.8533452135093078,1085,1,2,0.0011696536,1077,1081,0.00020579621,0.00013561462,Tier 2: Physiological Homeostasis Modifier,1077.8627294493217
PI4KB,714,844,41.93672180175781,0.0002521704,-1.0401922154555088,0.8508746962806553,0.8533452135093078,1078,1,2,0.0011690422,1079,1082,0.00028282776,7.37973e-05,Tier 2: Physiological Homeostasis Modifier,1078.8607342378293
CBLB,697,1026,42.30171585083008,0.00024992856,-1.0402897311686863,0.8508973432117753,0.8533452135093078,1080,1,2,0.0011691265,1078,1083,8.215383e-05,0.00027130055,Tier 2: Physiological Homeostasis Modifier,1078.8611332801277
MYL2,680,173,29.040096282958984,0.00024834147,-1.0403587665205523,0.850913374509426,0.8533452135093078,1081,1,2,0.0011677227,1082,1084,0.0002718661,7.934356e-05,Tier 2: Physiological Homeostasis Modifier,1081.86312849162
GPR171,717,324,39.80040740966797,0.0002386421,-1.0407806703954603,0.8510113234473642,0.8533452135093078,1087,1,2,0.0011679705,1081,1085,0.00019883737,0.00013865303,Tier 2: Physiological Homeostasis Modifier,1081.8651237031124
ADGRF4,651,720,44.41535186767578,0.0002464354,-1.0404416768867766,0.8509326263227588,0.8533452135093078,1083,1,2,0.0011581482,1089,1086,3.6724843e-05,0.00031178724,Tier 2: Physiological Homeostasis Modifier,1083.8667198723065
LDAH,686,335,41.987056732177734,0.00023493328,-1.0409419969073201,0.8510487655437867,0.8533452135093078,1088,1,2,0.0011655651,1084,1087,0.0001916308,0.00014061527,Tier 2: Physiological Homeostasis Modifier,1084.8667198723065
TMEM70,710,284,41.325408935546875,0.00023263335,-1.0410420394233821,0.8510719811453107,0.8533452135093078,1089,1,2,0.0011637141,1085,1088,0.00013431162,0.00019468131,Tier 2: Physiological Homeostasis Modifier,1085.8675179569034
CAPZA3,716,299,41.77579498291016,0.00024073396,-1.0406896785228166,0.850990202468488,0.8533452135093078,1086,1,2,0.0011629721,1086,1089,0.00026235357,7.8096564e-05,Tier 2: Physiological Homeostasis Modifier,1086.8667198723065
ELMOD3,675,405,44.60599899291992,0.00021823298,-1.0416684277252108,0.8512172841974583,0.8533452135093078,1094,1,2,0.0011542507,1090,1090,0.00016283616,0.0001457911,Tier 2: Physiological Homeostasis Modifier,1090.8715083798882
RNH1,668,474,37.47028350830078,0.00023006799,-1.041153627632156,0.8510978731573475,0.8533452135093078,1090,1,2,0.0011495156,1096,1091,0.00028641056,3.8953964e-05,Tier 2: Physiological Homeostasis Modifier,1090.8723064644853
TNN,510,1349,41.592918395996094,0.00021786522,-1.0416844245754224,0.8512209937394607,0.8533452135093078,1095,1,2,0.0011540147,1091,1092,0.00014730077,0.00016080774,Tier 2: Physiological Homeostasis Modifier,1091.8723064644853
THAP1,703,219,37.311405181884766,0.00022937264,-1.0411838740151083,0.8511048907616227,0.8533452135093078,1091,1,2,0.0011494968,1097,1093,4.0732324e-05,0.00028364756,Tier 2: Physiological Homeostasis Modifier,1091.8731045490822
PAG1,686,463,37.121150970458984,0.0002217957,-1.0415134562813737,0.8511813443553449,0.8533452135093078,1093,1,2,0.0011526512,1092,1094,0.00022638962,8.727703e-05,Tier 2: Physiological Homeostasis Modifier,1092.8719074221867
BPGM,714,268,42.124271392822266,0.00022915092,-1.0411935184071817,0.8511071283555085,0.8533452135093078,1092,1,2,0.0011510182,1094,1095,0.0002751872,4.888483e-05,Tier 2: Physiological Homeostasis Modifier,1092.8723064644853
TMEM106A,681,290,41.9044075012207,0.00021681015,-1.0417303180841038,0.851231635735107,0.8533452135093078,1096,1,2,0.0011520515,1093,1096,0.00019137748,0.000115238596,Tier 2: Physiological Homeostasis Modifier,1093.8735035913808
PEX14,700,429,41.10792922973633,0.00021242915,-1.0419208831286348,0.8512758193825501,0.8533452135093078,1097,1,2,0.0011501856,1095,1097,0.00015546195,0.0001449571,Tier 2: Physiological Homeostasis Modifier,1095.8747007182762
ODAPH,707,145,33.53691101074219,0.00021232793,-1.041925286003277,0.8512768401117412,0.8533452135093078,1098,1,2,0.0011466064,1099,1098,0.00021387823,8.639926e-05,Tier 2: Physiological Homeostasis Modifier,1098.8766959297686
CEP85L,662,834,42.19205093383789,0.00021046866,-1.0420061606598268,0.8512955886481028,0.8533452135093078,1100,1,2,0.0011487288,1098,1099,0.00013837777,0.00015926966,Tier 2: Physiological Homeostasis Modifier,1098.877094972067
MRPL46,709,289,40.698848724365234,0.00021186675,-1.041945346443185,0.8512814907132926,0.8533452135093078,1099,1,2,0.0011318821,1114,1100,6.221235e-06,0.00029340794,Tier 2: Physiological Homeostasis Modifier,1099.8830806065444
TPRKB,619,175,40.47662734985352,0.00020987634,-1.0420319254366304,0.8513015611620935,0.8533452135093078,1101,1,2,0.0011464418,1100,1101,0.00019589253,0.000100918114,Tier 2: Physiological Homeostasis Modifier,1100.8782920989624
SDHAF3,694,140,41.29568862915039,0.00020659924,-1.0421744729617233,0.8513346021015284,0.8533452135093078,1104,1,2,0.0011459003,1101,1102,0.00016083196,0.0001313478,Tier 2: Physiological Homeostasis Modifier,1101.8798882681565
TM4SF5,684,211,34.03026580810547,0.00020774233,-1.0421247507529234,0.8513230776009925,0.8533452135093078,1102,1,2,0.0011416532,1105,1103,6.935373e-05,0.00022443803,Tier 2: Physiological Homeostasis Modifier,1102.8806863527534
ERAP1,676,954,42.772560119628906,0.00020541484,-1.0422259920757937,0.8513465424547465,0.8533452135093078,1106,1,2,0.0011449979,1102,1104,0.00012828782,0.00016221032,Tier 2: Physiological Homeostasis Modifier,1102.881085395052
IL1RN,703,172,39.16632461547851,0.00020712876,-1.0421514398637137,0.85132926361667,0.8533452135093078,1103,1,2,0.0011437325,1104,1105,0.0002024062,9.05185e-05,Tier 2: Physiological Homeostasis Modifier,1103.8806863527534
COQ5,681,330,37.27698516845703,0.00020519167,-1.0422356995400686,0.8513487922382733,0.8533452135093078,1107,1,2,0.0011447368,1103,1106,0.00012488663,0.00016529998,Tier 2: Physiological Homeostasis Modifier,1103.8818834796489
CREG2,614,310,41.6363639831543,0.0002065734,-1.0421755969518514,0.8513348626105031,0.8533452135093078,1105,1,2,0.0011299655,1115,1107,0.0002819274,1.0212883e-05,Tier 2: Physiological Homeostasis Modifier,1105.8858739026336
OR6N2,480,329,41.786964416503906,0.00020214356,-1.0423682864421195,0.851379518048935,0.8533452135093078,1108,1,2,0.0011404154,1106,1108,8.9265406e-05,0.00019660592,Tier 2: Physiological Homeostasis Modifier,1106.8834796488427
C16orf95,360,225,37.889671325683594,0.00019749627,-1.0425704345877023,0.8514263558740629,0.8533452135093078,1111,1,2,0.0011395623,1107,1109,0.00014967471,0.00012962613,Tier 2: Physiological Homeostasis Modifier,1107.8850758180367
SOCS3,703,241,37.21844100952149,0.00020021707,-1.0424520850389327,0.8513989354229298,0.8533452135093078,1110,1,2,0.0011393802,1108,1110,9.151921e-05,0.00019163056,Tier 2: Physiological Homeostasis Modifier,1108.8850758180367
RNF112,675,646,41.81255340576172,0.00020180829,-1.0423828700400377,0.8513828974061242,0.8533452135093078,1109,1,2,0.0011357677,1109,1111,5.369261e-05,0.00023170863,Tier 2: Physiological Homeostasis Modifier,1109.8850758180367
SERPINE1,714,404,41.83259582519531,0.00019144345,-1.0428337205755678,0.8514873445681075,0.8533452135093078,1115,1,2,0.0011348125,1110,1112,0.00011019036,0.0001605514,Tier 2: Physiological Homeostasis Modifier,1110.887869114126
PIM2,690,316,42.25056076049805,0.00019216788,-1.0428022092687406,0.851480046036041,0.8533452135093078,1114,1,2,0.0011344794,1111,1113,9.595603e-05,0.00017580972,Tier 2: Physiological Homeostasis Modifier,1111.887869114126
POMK,684,372,40.830467224121094,0.00018809614,-1.042979322100153,0.8515210651391394,0.8533452135093078,1119,1,2,0.0011326948,1112,1114,0.00011430122,0.00015170581,Tier 2: Physiological Homeostasis Modifier,1112.890263367917
EIF4G3,659,1609,44.086517333984375,0.00019418541,-1.0427144506076376,0.8514597184362348,0.8533452135093078,1112,1,2,0.001121515,1125,1115,0.0002713371,3.2819808e-06,Tier 2: Physiological Homeostasis Modifier,1112.892657621708
GPR151,690,433,41.950584411621094,0.00018768825,-1.0429970645279123,0.8515251738449906,0.8533452135093078,1120,1,2,0.0011326943,1113,1116,0.00013766438,0.0001277676,Tier 2: Physiological Homeostasis Modifier,1113.891061452514
SCAMP5,718,235,39.767181396484375,0.00019282132,-1.0427737858899004,0.8514734625126752,0.8533452135093078,1113,1,2,0.0011220897,1122,1117,9.071082e-06,0.0002636183,Tier 2: Physiological Homeostasis Modifier,1113.891859537111
ORC3,702,727,42.55936050415039,0.00019131205,-1.0428394362219615,0.8514886683792395,0.8533452135093078,1116,1,2,0.0011243487,1118,1118,0.0002466645,2.3890287e-05,Tier 2: Physiological Homeostasis Modifier,1116.8914604948125
MARCHF6,681,917,41.634178161621094,0.00018313562,-1.043195095146192,0.8515710276602759,0.8533452135093078,1121,1,2,0.0011258828,1116,1119,0.00019338168,6.5610744e-05,Tier 2: Physiological Homeostasis Modifier,1116.892657621708
RCC1L,651,499,41.497161865234375,0.00017703301,-1.043460546902961,0.8516324779231024,0.8533452135093078,1123,1,2,0.0011251628,1117,1120,0.00012984592,0.00012051826,Tier 2: Physiological Homeostasis Modifier,1117.8938547486034
GFUS,709,322,41.39157485961914,0.00019101702,-1.0428522694575442,0.8514916406792459,0.8533452135093078,1117,1,2,0.0011218316,1124,1121,0.00025765598,1.2485019e-05,Tier 2: Physiological Homeostasis Modifier,1117.8942537909018
KRTAP3-1,683,104,40.19166564941406,0.00019091752,-1.042856597515506,0.8514926430898626,0.8533452135093078,1118,1,2,0.0011206536,1126,1122,0.00026260316,7.3958654e-06,Tier 2: Physiological Homeostasis Modifier,1118.8954509177972
LBP,683,527,41.494529724121094,0.00017586723,-1.0435112560829685,0.8516442148147447,0.8533452135093078,1126,1,2,0.0011243148,1119,1123,0.0001312755,0.00011743931,Tier 2: Physiological Homeostasis Modifier,1119.8958499600958
RAD51AP2,679,1306,41.958534240722656,0.00017536874,-1.043532939435867,0.8516492333449406,0.8533452135093078,1128,1,2,0.0011237958,1120,1124,0.000108672306,0.00013933727,Tier 2: Physiological Homeostasis Modifier,1120.8970470869913
SLC27A2,684,636,41.41490936279297,0.00018081826,-1.0432958958336136,0.8515943643330067,0.8533452135093078,1122,1,2,0.0011222117,1121,1125,4.805997e-05,0.0002076549,Tier 2: Physiological Homeostasis Modifier,1121.895051875499
MRPL49,696,172,41.87141036987305,0.00017260973,-1.0436529510458903,0.8516770075256441,0.8533452135093078,1129,1,2,0.0011220129,1123,1126,0.00011532009,0.00012878643,Tier 2: Physiological Homeostasis Modifier,1123.898643256185
COL24A1,631,1773,41.3498649597168,0.00017683068,-1.0434693478674577,0.8516345149945996,0.8533452135093078,1124,1,2,0.0011181941,1127,1127,3.728643e-05,0.00021279091,Tier 2: Physiological Homeostasis Modifier,1124.8982442138868
CYP1B1,696,581,41.44386291503906,0.00017650565,-1.0434834860451394,0.8516377873784509,0.8533452135093078,1125,1,2,0.00111716,1129,1128,3.2048672e-05,0.0002175708,Tier 2: Physiological Homeostasis Modifier,1125.8994413407822
RAB3B,702,234,41.609432220458984,0.00017561828,-1.043522084927487,0.851646721124135,0.8533452135093078,1127,1,2,0.0011124006,1134,1129,0.00023925863,9.10263e-06,Tier 2: Physiological Homeostasis Modifier,1127.9022346368715
MYO1A,711,1067,42.27749252319336,0.0001713385,-1.043708247097376,0.8516898034712939,0.8533452135093078,1131,1,2,0.00111818,1128,1130,6.341189e-05,0.00017889554,Tier 2: Physiological Homeostasis Modifier,1128.9014365522746
GNS,698,562,41.49076843261719,0.00016516415,-1.0439768194056844,0.8517519427335949,0.8533452135093078,1134,1,2,0.0011167815,1130,1131,0.00011398643,0.00011959055,Tier 2: Physiological Homeostasis Modifier,1130.903431763767
FAM149B1,670,621,41.78059768676758,0.00017153763,-1.0436995853267033,0.8516877991175195,0.8533452135093078,1130,1,2,0.0011121801,1135,1132,2.0198524e-05,0.00022239145,Tier 2: Physiological Homeostasis Modifier,1130.9038308060653
SH3BGR,664,218,41.32280349731445,0.00016629428,-1.0439276609318713,0.8517405702972196,0.8533452135093078,1133,1,2,0.0011159898,1131,1133,0.00015985686,7.531978e-05,Tier 2: Physiological Homeostasis Modifier,1131.903431763767
NT5C1A,708,381,31.75503921508789,0.00017098359,-1.0437236849973883,0.8516933757921477,0.8533452135093078,1132,1,2,0.0011129626,1132,1134,2.6550144e-05,0.00021526018,Tier 2: Physiological Homeostasis Modifier,1132.903431763767
MTHFSD,681,392,41.46541976928711,0.00016125815,-1.0441467228669805,0.8517912441035411,0.8533452135093078,1140,1,2,0.001112701,1133,1135,7.5589865e-05,0.00015246449,Tier 2: Physiological Homeostasis Modifier,1133.9070231444532
PARVA,702,372,39.04045867919922,0.00016419936,-1.0440187859086092,0.8517616509008032,0.8533452135093078,1135,1,2,0.0011118648,1136,1136,4.7296286e-05,0.00018491791,Tier 2: Physiological Homeostasis Modifier,1135.9062250598563
RUFY4,678,623,42.01961898803711,0.00016406528,-1.0440246181298305,0.8517630000426699,0.8533452135093078,1136,1,2,0.001107238,1144,1137,0.00021496974,1.705531e-05,Tier 2: Physiological Homeostasis Modifier,1136.9098164405427
MOCOS,659,950,42.59568405151367,0.00016386248,-1.04403343953842,0.8517650406443826,0.8533452135093078,1137,1,2,0.0011097302,1140,1138,3.3108518e-05,0.00019862782,Tier 2: Physiological Homeostasis Modifier,1137.9086193136473
RASL11A,698,261,40.70509338378906,0.00015771686,-1.0443007621471783,0.8518268698107827,0.8533452135093078,1143,1,2,0.0011110319,1137,1139,8.8173896e-05,0.00013487047,Tier 2: Physiological Homeostasis Modifier,1137.9098164405427
ACKR4,724,364,41.90943145751953,0.00016321469,-1.0440616171531647,0.8517715586712694,0.8533452135093078,1138,1,2,0.0011107125,1139,1140,4.3027103e-05,0.000187792,Tier 2: Physiological Homeostasis Modifier,1138.9086193136473
OR52J3,292,325,41.6160774230957,0.0001608776,-1.0441632760575068,0.8517950727467989,0.8533452135093078,1141,1,2,0.0011108448,1138,1141,5.6793913e-05,0.0001707226,Tier 2: Physiological Homeostasis Modifier,1138.9094173982442
A1BG,581,529,39.82512283325195,0.00016186689,-1.044120243851868,0.8517851195452506,0.8533452135093078,1139,1,2,0.0011080436,1142,1142,2.9917806e-05,0.00019899476,Tier 2: Physiological Homeostasis Modifier,1139.910215482841
SYK,673,621,39.69197082519531,0.00015817152,-1.0442809853146866,0.8518222962094664,0.8533452135093078,1142,1,2,0.0011081004,1141,1143,0.00017636456,4.7324225e-05,Tier 2: Physiological Homeostasis Modifier,1141.9110135674382
HAAO,710,289,41.66192626953125,0.0001548297,-1.044426348034868,0.8518559106688652,0.8533452135093078,1146,1,2,0.0011079115,1143,1144,6.7766756e-05,0.00015119242,Tier 2: Physiological Homeostasis Modifier,1143.9134078212292
AKR1E2,495,361,40.671993255615234,0.0001574019,-1.0443144622992955,0.8518300380602236,0.8533452135093078,1144,1,2,0.001103155,1150,1145,1.6159378e-05,0.00020644069,Tier 2: Physiological Homeostasis Modifier,1144.9154030327215
SHISA5,681,255,42.15557098388672,0.00015191047,-1.0445533289056614,0.8518852702344348,0.8533452135093078,1148,1,2,0.0011070551,1145,1146,8.7406486e-05,0.00012742681,Tier 2: Physiological Homeostasis Modifier,1145.915003990423
AFAP1,629,741,41.552268981933594,0.00015615742,-1.0443685947774095,0.8518425561050975,0.8533452135093078,1145,1,2,0.001100075,1155,1147,0.00021759747,3.2419339e-06,Tier 2: Physiological Homeostasis Modifier,1145.9177972865123
ARL10,712,268,35.94054412841797,0.00015151646,-1.0445704675802094,0.8518892326121034,0.8533452135093078,1149,1,2,0.0011055637,1146,1148,6.5393746e-05,0.00014888146,Tier 2: Physiological Homeostasis Modifier,1146.9158020750199
FUT8,715,415,41.294822692871094,0.00015477254,-1.0444288343845471,0.8518564855813862,0.8533452135093078,1147,1,2,0.0011040764,1147,1149,0.00018657744,3.230176e-05,Tier 2: Physiological Homeostasis Modifier,1147.9154030327215
KLHL36,692,620,40.86578369140625,0.00014892488,-1.0446831963083778,0.851915293174563,0.8533452135093078,1153,1,2,0.00110342,1148,1150,0.00015095994,5.9651444e-05,Tier 2: Physiological Homeostasis Modifier,1148.9181963288108
CA1,543,298,41.60029220581055,0.00014944049,-1.0446607682685216,0.851910108517772,0.8533452135093078,1152,1,2,0.0011032469,1149,1151,5.39124e-05,0.00015742704,Tier 2: Physiological Homeostasis Modifier,1149.9181963288108
C2CD2L,700,723,41.70589828491211,0.00015138945,-1.0445759922700761,0.8518905098782407,0.8533452135093078,1150,1,2,0.0011027895,1152,1152,3.8379803e-05,0.00017571787,Tier 2: Physiological Homeostasis Modifier,1150.9185953711094
NOL11,682,743,43.36241912841797,0.00014961488,-1.0446531826400998,0.8519083549317817,0.8533452135093078,1151,1,2,0.0011029452,1151,1153,4.967302e-05,0.00016191369,Tier 2: Physiological Homeostasis Modifier,1151.9185953711094
CHL1,651,1241,41.369327545166016,0.00014561182,-1.0448273080240669,0.8519486043686946,0.8533452135093078,1156,1,2,0.001101936,1153,1154,6.9308095e-05,0.00013661757,Tier 2: Physiological Homeostasis Modifier,1153.9213886671987
GPX6,646,231,41.46087646484375,0.00014865631,-1.0446948785850292,0.8519179937010564,0.8533452135093078,1154,1,2,0.0011016825,1154,1155,4.351698e-05,0.00016671512,Tier 2: Physiological Homeostasis Modifier,1154.9209896249001
NMRK1,703,222,42.8271484375,0.00014607227,-1.04480727933775,0.8519439750697537,0.8533452135093078,1155,1,2,0.0010986875,1158,1156,3.2035634e-05,0.00017454298,Tier 2: Physiological Homeostasis Modifier,1155.9229848363927
RDH14,714,352,41.61321258544922,0.00014089044,-1.0450326789416535,0.8519960668636668,0.8533452135093078,1159,1,2,0.001099612,1156,1157,9.608269e-05,0.00010316403,Tier 2: Physiological Homeostasis Modifier,1156.9237829209897
CCZ1B,661,496,41.30891036987305,0.00014193938,-1.044987052076141,0.851985523091641,0.8533452135093078,1158,1,2,0.0010987616,1157,1158,5.835574e-05,0.000142375,Tier 2: Physiological Homeostasis Modifier,1157.9237829209897
MYRIP,649,903,41.98756790161133,0.00014413847,-1.0448913959054547,0.8519634165695349,0.8533452135093078,1157,1,2,0.0010925047,1167,1159,0.00020378642,5.6345016e-08,Tier 2: Physiological Homeostasis Modifier,1157.927374301676
INSYN2B,724,548,42.05945587158203,0.00013821013,-1.0451492672535703,0.8520230066145507,0.8533452135093078,1162,1,2,0.0010972361,1159,1160,7.44611e-05,0.00012099731,Tier 2: Physiological Homeostasis Modifier,1159.9261771747806
QPCTL,705,390,41.16071701049805,0.00013712353,-1.0451965322563976,0.8520339270778414,0.8533452135093078,1164,1,2,0.0010965279,1160,1161,0.00011874735,7.51738e-05,Tier 2: Physiological Homeostasis Modifier,1160.927374301676
COX7B,663,81,32.64773941040039,0.00013996568,-1.0450729042168374,0.8520053619818164,0.8533452135093078,1160,1,2,0.0010943118,1164,1161,2.7416274e-05,0.00017052516,Tier 2: Physiological Homeostasis Modifier,1160.927374301676
PLEKHN1,686,664,39.99837493896485,0.00013913284,-1.0451091311494298,0.8520137328423062,0.8533452135093078,1161,1,2,0.0010964838,1161,1163,0.00014404207,5.2721705e-05,Tier 2: Physiological Homeostasis Modifier,1161.926576217079
PTX4,596,498,38.75712585449219,0.00013610115,-1.0452410038131719,0.8520442016296669,0.8533452135093078,1165,1,2,0.0010953048,1162,1164,6.423856e-05,0.0001282394,Tier 2: Physiological Homeostasis Modifier,1162.9285714285713
CELA1,677,281,41.96754455566406,0.00013763318,-1.0451743634650383,0.8520288050999991,0.8533452135093078,1163,1,2,0.0010952844,1163,1165,0.00014461204,5.003251e-05,Tier 2: Physiological Homeostasis Modifier,1163.928172386273
SLC2A5,670,513,40.627685546875,0.00013238157,-1.0454027983642644,0.8520815780433652,0.8533452135093078,1169,1,2,0.0010930564,1165,1166,0.00011816248,6.905291e-05,Tier 2: Physiological Homeostasis Modifier,1165.9313647246609
SAXO5,600,543,38.01856231689453,0.00013285759,-1.0453820924129982,0.8520767950817276,0.8533452135093078,1166,1,2,0.0010927089,1166,1167,0.00013071345,5.7175756e-05,Tier 2: Physiological Homeostasis Modifier,1166.930566640064
LYSMD3,715,313,42.612430572509766,0.00013249842,-1.0453977156147887,0.8520804039655883,0.8533452135093078,1167,1,2,0.0010919967,1169,1168,0.0001367405,5.0641713e-05,Tier 2: Physiological Homeostasis Modifier,1167.9321628092578
STOML2,729,318,41.66188430786133,0.0001323513,-1.0454041150508424,0.8520818821872713,0.8533452135093078,1170,1,2,0.0010920361,1168,1169,0.00013475493,5.241693e-05,Tier 2: Physiological Homeostasis Modifier,1168.9329608938547
FASN,640,2643,41.15440368652344,0.0001324194,-1.0454011528322775,0.8520811979382517,0.8533452135093078,1168,1,2,0.0010883982,1173,1170,0.000169307,1.7961487e-05,Tier 2: Physiological Homeostasis Modifier,1168.9341580207501
TTC12,702,706,43.6971321105957,0.00012964586,-1.0455217964692574,0.852109063948363,0.8533452135093078,1173,1,2,0.0010909155,1170,1171,6.292574e-05,0.00012041908,Tier 2: Physiological Homeostasis Modifier,1170.934956105347
OR5AS1,457,327,41.84546661376953,0.00013085408,-1.0454692412311601,0.8520969252835451,0.8533452135093078,1171,1,2,0.0010899103,1172,1172,0.00014599413,3.905967e-05,Tier 2: Physiological Homeostasis Modifier,1171.934956105347
KIAA1671,627,2114,40.74508285522461,0.000128021,-1.045592474743226,0.8521253874327638,0.8533452135093078,1176,1,2,0.0010899768,1171,1173,0.00011501089,6.604195e-05,Tier 2: Physiological Homeostasis Modifier,1171.936552274541
PNPLA5,575,457,40.90495300292969,0.00012994977,-1.0455085769708132,0.8521060107082512,0.8533452135093078,1172,1,2,0.0010871735,1177,1174,2.013985e-05,0.00016363617,Tier 2: Physiological Homeostasis Modifier,1172.937350359138
TRAF1,711,426,40.52410888671875,0.000129238,-1.0455395375920744,0.852113161458669,0.8533452135093078,1174,1,2,0.0010879321,1175,1175,2.9999763e-05,0.00015276973,Tier 2: Physiological Homeostasis Modifier,1174.937350359138
SLC22A2,692,581,41.783992767333984,0.0001245978,-1.045741377336341,0.8521597732490283,0.8533452135093078,1178,1,2,0.0010880625,1174,1176,8.1427395e-05,9.4779534e-05,Tier 2: Physiological Homeostasis Modifier,1174.9385474860335
MAK,662,657,41.03044509887695,0.00012889947,-1.045554262993701,0.8521165623967873,0.8533452135093078,1175,1,2,0.0010846754,1182,1177,0.0001751706,7.1208924e-06,Tier 2: Physiological Homeostasis Modifier,1175.9405426975259
SLC25A52,559,306,41.72788619995117,0.00012358604,-1.0457853869436124,0.8521699352858664,0.8533452135093078,1179,1,2,0.0010872578,1176,1178,9.9317636e-05,7.545948e-05,Tier 2: Physiological Homeostasis Modifier,1176.939744612929
FRMPD2,576,1347,42.749412536621094,0.00012547127,-1.045703383077166,0.8521509998097585,0.8533452135093078,1177,1,2,0.0010863118,1179,1179,3.750447e-05,0.00013993774,Tier 2: Physiological Homeostasis Modifier,1177.9401436552275
CCDC181,702,555,42.280517578125,0.00012309052,-1.045806941107243,0.8521749120786501,0.8533452135093078,1180,1,2,0.001086961,1178,1180,7.792562e-05,9.6149044e-05,Tier 2: Physiological Homeostasis Modifier,1178.9409417398244
PROX2,675,382,41.225730895996094,0.000120434444,-1.045922475286932,0.8522015866675906,0.8533452135093078,1182,1,2,0.0010849728,1180,1181,7.093325e-05,9.938516e-05,Tier 2: Physiological Homeostasis Modifier,1180.9425379090183
CTF1,652,212,38.04029846191406,0.000121992896,-1.0458546856327937,0.8521859357492539,0.8533452135093078,1181,1,2,0.0010848906,1181,1182,0.00012485497,4.766835e-05,Tier 2: Physiological Homeostasis Modifier,1181.9425379090183
OXSM,724,462,41.96064376831055,0.00011857925,-1.0460031726453487,0.8522202162020143,0.8533452135093078,1184,1,2,0.0010835571,1183,1183,6.61239e-05,0.00010157004,Tier 2: Physiological Homeostasis Modifier,1183.9445331205109
RBM7,715,277,41.56070709228515,0.00012019288,-1.0459329828547057,0.8522040125001706,0.8533452135093078,1183,1,2,0.001082662,1186,1184,0.00013523921,3.473935e-05,Tier 2: Physiological Homeostasis Modifier,1183.9453312051078
FAM81A,689,383,41.427833557128906,0.00011723564,-1.0460616170871386,0.8522337075173672,0.8533452135093078,1189,1,2,0.0010828954,1184,1185,8.133426e-05,8.4460946e-05,Tier 2: Physiological Homeostasis Modifier,1184.9469273743016
PRORP,697,601,41.53300476074219,0.00011755776,-1.0460476054888406,0.852230473155083,0.8533452135093078,1188,1,2,0.0010827958,1185,1186,0.0001020059,6.4243795e-05,Tier 2: Physiological Homeostasis Modifier,1185.9469273743016
LIPJ,490,387,41.34365463256836,0.00011843443,-1.0460094720358415,0.8522216703930185,0.8533452135093078,1185,1,2,0.0010794133,1191,1187,0.00015226565,1.5225261e-05,Tier 2: Physiological Homeostasis Modifier,1185.948124501197
TCEA3,694,369,41.867095947265625,0.000118327094,-1.0460141409446795,0.8522227481871785,0.8533452135093078,1186,1,2,0.0010814816,1189,1188,3.4973025e-05,0.00013236678,Tier 2: Physiological Homeostasis Modifier,1186.9477254588987
PAPLN,613,1419,41.88802337646485,0.00011776574,-1.0460385587602485,0.8522283848315375,0.8533452135093078,1187,1,2,0.0010817389,1188,1189,4.2510685e-05,0.00012403447,Tier 2: Physiological Homeostasis Modifier,1187.9477254588987
PPIF,700,247,41.52699279785156,0.00011721958,-1.0460623156661424,0.852233868772361,0.8533452135093078,1190,1,2,0.0010823709,1187,1190,0.00010652281,5.9250742e-05,Tier 2: Physiological Homeostasis Modifier,1187.9485235434956
IQCF2,562,179,41.7854118347168,0.000115556875,-1.046134640124569,0.8522505629967874,0.8533452135093078,1191,1,2,0.0010814684,1190,1191,9.791087e-05,6.551109e-05,Tier 2: Physiological Homeostasis Modifier,1190.9501197126895
FBXO4,706,409,41.607460021972656,0.00011034768,-1.0463612300531573,0.8523028572245941,0.8533452135093078,1192,1,2,0.0010751068,1193,1192,2.190657e-05,0.00013415026,Tier 2: Physiological Homeostasis Modifier,1192.9517158818835
SLFN13,264,995,44.17947769165039,0.00010854006,-1.0464398580343934,0.8523210007187725,0.8533452135093078,1194,1,2,0.0010765807,1192,1193,6.31623e-05,9.0342015e-05,Tier 2: Physiological Homeostasis Modifier,1192.952114924182
CDK5RAP2,538,2085,43.83640670776367,0.000109478366,-1.0463990435343535,0.85231158291379,0.8533452135093078,1193,1,2,0.0010725617,1197,1194,5.122274e-06,0.00014970172,Tier 2: Physiological Homeostasis Modifier,1193.953711093376
AURKB,709,348,41.37010192871094,0.00010519523,-1.046585351683765,0.852354569603547,0.8533452135093078,1198,1,2,0.0010732773,1194,1195,0.0001088772,3.989204e-05,Tier 2: Physiological Homeostasis Modifier,1194.9545091779728
TOMM20L,565,213,37.171142578125,0.00010687951,-1.046512088754479,0.8523376667222851,0.8533452135093078,1195,1,2,0.0010721245,1199,1196,1.4650635e-05,0.00013650022,Tier 2: Physiological Homeostasis Modifier,1195.95530726257
SCN9A,667,2126,41.80091094970703,0.00010313676,-1.0466748911558528,0.8523752259729656,0.8533452135093078,1200,1,2,0.0010729284,1195,1197,7.2900206e-05,7.295655e-05,Tier 2: Physiological Homeostasis Modifier,1195.9557063048683
CCZ1,649,513,41.48555374145508,0.000106579624,-1.0465251332166896,0.8523406763745855,0.8533452135093078,1196,1,2,0.0010728366,1196,1198,2.3235567e-05,0.00012749108,Tier 2: Physiological Homeostasis Modifier,1196.9545091779728
GIP,686,167,37.87668228149414,0.000105230545,-1.0465838155494243,0.8523542152071002,0.8533452135093078,1197,1,2,0.001071815,1200,1199,0.0001272019,2.161623e-05,Tier 2: Physiological Homeostasis Modifier,1197.9565043894652
SHCBP1,635,701,42.540775299072266,0.00010499894,-1.0465938899199192,0.8523565394212398,0.8533452135093078,1199,1,2,0.0010723796,1198,1200,0.000119022094,2.946984e-05,Tier 2: Physiological Homeostasis Modifier,1198.9565043894652
GABRA6,716,494,41.70017623901367,0.00010226303,-1.046712896724526,0.8523839931082713,0.8533452135093078,1201,1,2,0.0010707837,1201,1201,3.182888e-05,0.00011279527,Tier 2: Physiological Homeostasis Modifier,1201.9584996009578
C6orf132,483,1526,42.91264343261719,0.00010161335,-1.046741156550623,0.8523905118668529,0.8533452135093078,1202,1,2,0.0010704519,1202,1202,0.00011057779,3.312435e-05,Tier 2: Physiological Homeostasis Modifier,1202.9592976855547
OXA1L,715,460,42.27275848388672,0.00010059704,-1.0467853640741125,0.8524007089304328,0.8533452135093078,1204,1,2,0.0010702106,1203,1203,0.00010255724,3.970787e-05,Tier 2: Physiological Homeostasis Modifier,1203.9604948124502
FDXACB1,716,648,41.85206604003906,0.000100921316,-1.0467712586939755,0.8523974553848677,0.8533452135093078,1203,1,2,0.0010678379,1206,1204,0.00013282523,9.902302e-06,Tier 2: Physiological Homeostasis Modifier,1203.961292897047
DPYSL3,681,690,41.411521911621094,9.980926e-05,-1.0468196309836721,0.8524086127322392,0.8533452135093078,1206,1,2,0.0010694652,1204,1205,0.00010504201,3.610761e-05,Tier 2: Physiological Homeostasis Modifier,1204.9616919393457
SEC14L4,574,417,38.66081237792969,9.992835e-05,-1.0468144507985195,0.8524074179196934,0.8533452135093078,1205,1,2,0.0010692382,1205,1206,3.1650066e-05,0.00010966882,Tier 2: Physiological Homeostasis Modifier,1205.9616919393457
ST14,678,865,40.44228744506836,9.976688e-05,-1.0468214744318773,0.8524090379230154,0.8533452135093078,1207,1,2,0.0010668034,1207,1207,0.0001338385,7.252209e-06,Tier 2: Physiological Homeostasis Modifier,1207.9632881085395
HAVCR2,612,371,41.13022232055664,9.647384e-05,-1.0469647153162056,0.8524420738811834,0.8533452135093078,1208,1,2,0.0010650976,1211,1208,0.00012595649,1.0480173e-05,Tier 2: Physiological Homeostasis Modifier,1208.9652833200319
RNASE10,703,247,39.01297378540039,9.430887e-05,-1.0470588873327449,0.8524637902800631,0.8533452135093078,1211,1,2,0.0010662972,1208,1208,4.6325848e-05,8.70456e-05,Tier 2: Physiological Homeostasis Modifier,1208.9652833200319
UBAP1L,674,465,40.762264251708984,9.551074e-05,-1.0470066083073921,0.8524517348169804,0.8533452135093078,1210,1,2,0.0010660676,1209,1210,0.00010712631,2.7945265e-05,Tier 2: Physiological Homeostasis Modifier,1209.9652833200319
AKAP4,611,894,44.99344253540039,9.5904106e-05,-1.046989497645601,0.8524477889812747,0.8533452135093078,1209,1,2,0.0010649364,1212,1211,1.2376811e-05,0.00012325216,Tier 2: Physiological Homeostasis Modifier,1209.966081404629
SEC31A,647,1270,41.64003372192383,9.343773e-05,-1.047096780241417,0.852472527914207,0.8533452135093078,1212,1,2,0.0010653577,1210,1212,3.8500875e-05,9.3640294e-05,Tier 2: Physiological Homeostasis Modifier,1210.9664804469273
TMEM222,715,214,42.08909225463867,9.1331895e-05,-1.0471883799995885,0.8524936482489209,0.8533452135093078,1214,1,2,0.0010645302,1213,1213,5.7015568e-05,7.2152354e-05,Tier 2: Physiological Homeostasis Modifier,1213.9684756584197
SPINK13,612,102,37.93297576904297,9.22475e-05,-1.0471485529492353,0.852484465497243,0.8533452135093078,1213,1,2,0.0010630791,1215,1214,0.00011308398,1.7373823e-05,Tier 2: Physiological Homeostasis Modifier,1213.9688747007183
ADGRG7,625,846,44.26971435546875,8.9998124e-05,-1.0472463964638683,0.8525070241702504,0.8533452135093078,1216,1,2,0.0010631222,1214,1215,4.0195417e-05,8.7082386e-05,Tier 2: Physiological Homeostasis Modifier,1214.9696727853152
FGD3,671,793,39.75082778930664,9.030197e-05,-1.0472331797493006,0.852503977076817,0.8533452135093078,1215,1,2,0.0010614326,1216,1216,1.31148845e-05,0.00011458993,Tier 2: Physiological Homeostasis Modifier,1215.9700718276138
NHP2,706,157,41.99909210205078,8.966503e-05,-1.047260885409986,0.8525103645262718,0.8533452135093078,1217,1,2,0.0010597144,1218,1217,0.00012602285,7.809722e-07,Tier 2: Physiological Homeostasis Modifier,1217.9716679968076
DCAF17,689,552,41.2440299987793,8.811458e-05,-1.0473283269925686,0.852525912187915,0.8533452135093078,1218,1,2,0.0010607828,1217,1217,2.2081658e-05,0.00010253012,Tier 2: Physiological Homeostasis Modifier,1217.9716679968076
CCKAR,714,445,41.49333190917969,8.6716725e-05,-1.047389130987164,0.8525399287102507,0.8533452135093078,1219,1,2,0.0010584696,1220,1219,6.3218176e-06,0.0001163173,Tier 2: Physiological Homeostasis Modifier,1219.9732641660016
NUBP2,711,277,41.98052978515625,8.489042e-05,-1.0474685717298373,0.8525582400263725,0.8533452135093078,1220,1,2,0.0010595333,1219,1219,3.7197024e-05,8.2852814e-05,Tier 2: Physiological Homeostasis Modifier,1219.9732641660016
ERC2,706,981,41.46131134033203,8.226273e-05,-1.0475828711733122,0.8525845836985241,0.8533452135093078,1221,1,2,0.001056523,1221,1221,9.990111e-05,1.6436381e-05,Tier 2: Physiological Homeostasis Modifier,1221.974461292897
NFX1,693,1129,41.96611404418945,8.092349e-05,-1.0476411255285365,0.8525980089164715,0.8533452135093078,1222,1,2,0.0010557928,1222,1222,9.607896e-05,1.836312e-05,Tier 2: Physiological Homeostasis Modifier,1222.975259377494
CDC42EP3,725,295,41.99482727050781,7.940171e-05,-1.0477073200214528,0.8526132630131127,0.8533452135093078,1223,1,2,0.0010551051,1223,1223,8.927286e-05,2.3015775e-05,Tier 2: Physiological Homeostasis Modifier,1223.976057462091
PATE3,669,102,32.61955261230469,7.696077e-05,-1.0478134962003611,0.8526377284237682,0.8533452135093078,1224,1,2,0.001053196,1225,1224,9.0349466e-05,1.8490944e-05,Tier 2: Physiological Homeostasis Modifier,1224.9772545889864
PSMG4,645,125,39.989463806152344,7.594586e-05,-1.0478576428265527,0.85264790001116,0.8533452135093078,1225,1,2,0.001053204,1224,1224,3.079977e-05,7.660361e-05,Tier 2: Physiological Homeostasis Modifier,1224.9772545889864
GRIK2,650,915,41.78362655639648,7.3577045e-05,-1.0479606817071645,0.8526716388163593,0.8533452135093078,1226,1,2,0.0010517549,1226,1226,6.897375e-05,3.508199e-05,Tier 2: Physiological Homeostasis Modifier,1226.9784517158819
COMMD3,719,195,41.766014099121094,7.086873e-05,-1.0480784881825307,0.8526987767409369,0.8533452135093078,1227,1,2,0.0010501047,1227,1227,4.7218055e-05,5.300733e-05,Tier 2: Physiological Homeostasis Modifier,1227.9792498004788
EPHX1,622,476,35.79603576660156,7.013255e-05,-1.0481105105916797,0.8527061528507245,0.8533452135093078,1228,1,2,0.0010491248,1228,1228,7.173885e-05,2.7445145e-05,Tier 2: Physiological Homeostasis Modifier,1228.980047885076
SPATS2,672,600,41.64197540283203,6.742263e-05,-1.0482283868814481,0.8527333025929791,0.8533452135093078,1229,1,2,0.0010461675,1229,1229,8.742139e-05,7.92928e-06,Tier 2: Physiological Homeostasis Modifier,1229.9808459696728
C1QBP,689,296,40.97166442871094,6.358902e-05,-1.0483951415174593,0.8527717044637348,0.8533452135093078,1230,1,2,0.0010449621,1230,1230,4.3530017e-05,4.6398025e-05,Tier 2: Physiological Homeostasis Modifier,1230.9816440542697
ESR2,709,535,41.67985153198242,6.1337356e-05,-1.0484930845556764,0.8527942566047065,0.8533452135093078,1231,1,2,0.0010428629,1231,1231,6.64033e-05,2.0339387e-05,Tier 2: Physiological Homeostasis Modifier,1231.9824421388666
TRMT1,608,683,40.55175018310547,6.0525257e-05,-1.0485284092947993,0.8528023898304646,0.8533452135093078,1232,1,2,0.0010427713,1232,1232,4.8042508e-05,3.755279e-05,Tier 2: Physiological Homeostasis Modifier,1232.9832402234638
NDUFB4,712,147,41.422332763671875,6.052031e-05,-1.0485286244797516,0.8528024393740772,0.8533452135093078,1233,1,2,0.001042697,1233,1233,3.267452e-05,5.2915886e-05,Tier 2: Physiological Homeostasis Modifier,1233.9840383080607
MBTPS2,638,483,42.02009201049805,5.9523387e-05,-1.0485719887061584,0.852812423210414,0.8533452135093078,1234,1,2,0.0010418879,1234,1234,5.6575984e-05,2.7602538e-05,Tier 2: Physiological Homeostasis Modifier,1234.9848363926576
C10orf120,652,377,42.04469299316406,5.8156438e-05,-1.0486314483494035,0.8528261119901841,0.8533452135093078,1235,1,2,0.0010410686,1235,1235,3.360724e-05,4.863832e-05,Tier 2: Physiological Homeostasis Modifier,1235.9856344772545
KCNN4,684,451,36.98570251464844,5.7055324e-05,-1.0486793446832186,0.8528371380479549,0.8533452135093078,1236,1,2,0.0010398956,1236,1236,6.1929226e-05,1.8757535e-05,Tier 2: Physiological Homeostasis Modifier,1236.9864325618516
CLDN3,710,231,32.64646530151367,5.4975913e-05,-1.0487697950483892,0.8528579588191633,0.8533452135093078,1237,1,2,0.0010378794,1237,1237,6.7315996e-06,7.1016024e-05,Tier 2: Physiological Homeostasis Modifier,1237.9872306464486
ID1,715,157,37.790958404541016,5.2877993e-05,-1.048861050519337,0.8528789629162393,0.8533452135093078,1238,1,2,0.0010369036,1238,1238,5.9872866e-05,1.4908612e-05,Tier 2: Physiological Homeostasis Modifier,1238.9880287310455
SPINT4,625,110,36.47277069091797,5.1510055e-05,-1.0489205531821735,0.8528926574474962,0.8533452135093078,1239,1,2,0.0010361604,1239,1239,5.2956864e-05,1.9891188e-05,Tier 2: Physiological Homeostasis Modifier,1239.9888268156424
KLB,611,1069,41.70323944091797,4.973961e-05,-1.0489975641226583,0.8529103802379825,0.8533452135093078,1240,1,2,0.001034004,1240,1240,6.9928356e-05,4.1350722e-07,Tier 2: Physiological Homeostasis Modifier,1240.9896249002395
ATP5MC2,717,149,41.53675842285156,4.6029134e-05,-1.0491589626673217,0.8529475187913503,0.8533452135093078,1241,1,2,0.0010325013,1241,1241,2.5629997e-05,3.9465434e-05,Tier 2: Physiological Homeostasis Modifier,1241.9904229848364
PTTG1IP2,643,176,43.04792785644531,4.477473e-05,-1.0492135268202822,0.8529600728336171,0.8533452135093078,1242,1,2,0.0010316378,1242,1242,2.6876107e-05,3.6443584e-05,Tier 2: Physiological Homeostasis Modifier,1242.9912210694333
BNIP2,707,340,37.895355224609375,4.423468e-05,-1.0492370179529686,0.8529654774185129,0.8533452135093078,1243,1,2,0.0010310967,1243,1243,4.496239e-05,1.7593964e-05,Tier 2: Physiological Homeostasis Modifier,1243.9920191540302
SHKBP1,688,725,41.837745666503906,4.281022e-05,-1.0492989792137155,0.8529797321539586,0.8533452135093078,1244,1,2,0.0010297186,1244,1244,6.4112246e-06,5.413103e-05,Tier 2: Physiological Homeostasis Modifier,1244.9928172386274
BYSL,709,448,41.99568939208984,4.0249633e-05,-1.0494103598062015,0.8530053539130066,0.8533452135093078,1245,1,2,0.0010280069,1245,1245,5.0090253e-05,6.8332592e-06,Tier 2: Physiological Homeostasis Modifier,1245.9936153232243
NDUFS5,689,112,36.68846130371094,3.6523386e-05,-1.0495724443589265,0.8530426341555153,0.8533452135093078,1246,1,2,0.0010252771,1246,1246,4.9533322e-05,2.1166634e-06,Tier 2: Physiological Homeostasis Modifier,1246.9944134078212
AJAP1,679,431,40.709110260009766,3.5209698e-05,-1.049629587251467,0.8530557757892483,0.8533452135093078,1247,1,2,0.0010246561,1247,1247,4.0611252e-05,9.182841e-06,Tier 2: Physiological Homeostasis Modifier,1247.995211492418
RAVER1,689,790,38.89160919189453,3.4362427e-05,-1.049666441904707,0.8530642511470884,0.8533452135093078,1248,1,2,0.0010242988,1248,1248,2.3975968e-05,2.462184e-05,Tier 2: Physiological Homeostasis Modifier,1248.9960095770152
OASL,611,547,39.495628356933594,3.062724e-05,-1.0498289153301774,0.8531016107814102,0.8533452135093078,1249,1,2,0.0010215967,1249,1249,1.380872e-05,2.950523e-05,Tier 2: Physiological Homeostasis Modifier,1249.9968076616121
KNG1,570,915,40.46634292602539,2.0731939e-05,-1.0502593418254325,0.8532005535609082,0.8533452135093078,1250,1,2,0.0010145109,1250,1250,2.6913063e-05,2.404675e-06,Tier 2: Physiological Homeostasis Modifier,1250.997605746209
DDX46,663,1105,41.46929931640625,1.7414568e-05,-1.0504036410613011,0.8532337138323567,0.8533452135093078,1251,1,2,0.0010122616,1251,1251,1.9650906e-05,4.978385e-06,Tier 2: Physiological Homeostasis Modifier,1251.998403830806
KCNIP2,704,262,37.913944244384766,1.5896536e-05,-1.0504696725234512,0.8532488863267551,0.8533452135093078,1252,1,2,0.0010111494,1252,1252,2.077967e-05,1.6991653e-06,Tier 2: Physiological Homeostasis Modifier,1252.999201915403
ELMO1,649,735,43.22972106933594,6.256392e-06,-1.050889000181667,0.8533452135093078,0.8533452135093078,1253,1,2,0.0010044231,1253,1253,3.7755817e-06,5.071517e-06,Tier 2: Physiological Homeostasis Modifier,1254.0
